iteration,dense_layers,learning_rate,optimizer,activation,dropout,rnn_type,rnn_size,rnn_activation,rnn_dropout,last_activation,last_perf,min_perf,time
0,"[139, 486, 152, 79, 61, 0, 0, 0, 0, 0]",0.005,adam,relu,0.1,lstm,230,tanh,0.1,linear,1.1999659776687621,1.1192996382713318,48.351687999999996
1,"[139, 486, 152, 79, 61, 0, 0, 0, 0, 0]",0.005,adam,relu,0.1,lstm,230,tanh,0.1,relu,1.1999659776687621,1.1192996382713318,47.860488000000004
2,"[139, 486, 152, 79, 61, 0, 0, 0, 0, 0]",0.005,adam,relu,0.1,lstm,230,tanh,0.1,leaky_relu,1.1999659776687621,1.1192996382713318,47.887516000000005
0,"[139, 486, 152, 79, 61, 0, 0, 0, 0, 0]",0.005,adam,relu,0.1,lstm,230,tanh,0.1,linear,1.3101446270942687,1.1662025451660156,50.436666
1,"[139, 486, 152, 79, 61, 0, 0, 0, 0, 0]",0.005,adam,relu,0.1,lstm,230,tanh,0.1,relu,1.3101446270942687,1.1662025451660156,50.818541
2,"[139, 486, 152, 79, 61, 0, 0, 0, 0, 0]",0.005,adam,relu,0.1,lstm,230,tanh,0.1,leaky_relu,1.3101446270942687,1.1662025451660156,50.884519000000004
0,"[139, 486, 152, 79, 61, 0, 0, 0, 0, 0]",0.005,adam,relu,0.1,lstm,230,tanh,0.1,linear,1.2369361400604248,1.150986385345459,47.561622
1,"[139, 486, 152, 79, 61, 0, 0, 0, 0, 0]",0.005,adam,relu,0.1,lstm,230,tanh,0.1,relu,1.2369361400604248,1.150986385345459,48.003474000000004
2,"[139, 486, 152, 79, 61, 0, 0, 0, 0, 0]",0.005,adam,relu,0.1,lstm,230,tanh,0.1,leaky_relu,1.2369361400604248,1.150986385345459,48.230383
0,"[139, 486, 152, 79, 61, 0, 0, 0, 0, 0]",0.005,adam,relu,0.1,lstm,230,tanh,0.1,linear,1.311760413646698,1.209068727493286,49.719915
1,"[139, 486, 152, 79, 61, 0, 0, 0, 0, 0]",0.005,adam,relu,0.1,lstm,230,tanh,0.1,relu,1.311760413646698,1.209068727493286,50.346695999999994
2,"[139, 486, 152, 79, 61, 0, 0, 0, 0, 0]",0.005,adam,relu,0.1,lstm,230,tanh,0.1,leaky_relu,1.311760413646698,1.209068727493286,50.466656
0,"[139, 486, 152, 79, 61, 0, 0, 0, 0, 0]",0.005,adam,relu,0.1,lstm,230,tanh,0.1,linear,1.26579430103302,1.159204614162445,55.20512099999999
1,"[139, 486, 152, 79, 61, 0, 0, 0, 0, 0]",0.005,adam,relu,0.1,lstm,230,tanh,0.1,relu,1.26579430103302,1.159204614162445,55.793951
2,"[139, 486, 152, 79, 61, 0, 0, 0, 0, 0]",0.005,adam,relu,0.1,lstm,230,tanh,0.1,leaky_relu,1.26579430103302,1.159204614162445,55.80994
0,"[139, 486, 152, 79, 61, 0, 0, 0, 0, 0]",0.005,adam,relu,0.1,lstm,230,tanh,0.1,linear,1.356994616985321,1.1960385322570801,45.841161
1,"[139, 486, 152, 79, 61, 0, 0, 0, 0, 0]",0.005,adam,relu,0.1,lstm,230,tanh,0.1,relu,1.356994616985321,1.1960385322570801,46.414983
2,"[139, 486, 152, 79, 61, 0, 0, 0, 0, 0]",0.005,adam,relu,0.1,lstm,230,tanh,0.1,leaky_relu,1.356994616985321,1.1960385322570801,46.6339
0,"[139, 486, 152, 79, 61, 0, 0, 0, 0, 0]",0.005,adam,relu,0.1,lstm,230,tanh,0.1,linear,1.2902759790420533,1.1830167770385742,50.672589
1,"[139, 486, 152, 79, 61, 0, 0, 0, 0, 0]",0.005,adam,relu,0.1,lstm,230,tanh,0.1,relu,1.2902759790420533,1.1830167770385742,51.252388
2,"[139, 486, 152, 79, 61, 0, 0, 0, 0, 0]",0.005,adam,relu,0.1,lstm,230,tanh,0.1,leaky_relu,1.2902759790420533,1.1830167770385742,51.203396999999995
0,"[139, 486, 152, 79, 61, 0, 0, 0, 0, 0]",0.005,adam,relu,0.1,lstm,230,tanh,0.1,linear,1.2439966201782227,1.1798818826675415,46.421965
1,"[139, 486, 152, 79, 61, 0, 0, 0, 0, 0]",0.005,adam,relu,0.1,lstm,230,tanh,0.1,relu,1.2439966201782227,1.1798818826675415,46.840829
2,"[139, 486, 152, 79, 61, 0, 0, 0, 0, 0]",0.005,adam,relu,0.1,lstm,230,tanh,0.1,leaky_relu,1.2439966201782227,1.1798818826675415,47.07774199999999
0,"[139, 486, 152, 79, 61, 0, 0, 0, 0, 0]",0.005,adam,relu,0.1,lstm,230,tanh,0.1,linear,1.2466006517410277,1.1582717418670654,52.793907000000004
1,"[139, 486, 152, 79, 61, 0, 0, 0, 0, 0]",0.005,adam,relu,0.1,lstm,230,tanh,0.1,relu,1.2466006517410277,1.1582717418670654,53.284746999999996
2,"[139, 486, 152, 79, 61, 0, 0, 0, 0, 0]",0.005,adam,relu,0.1,lstm,230,tanh,0.1,leaky_relu,1.2466006517410277,1.1582717418670654,53.380714
0,"[139, 486, 152, 79, 61, 0, 0, 0, 0, 0]",0.005,adam,relu,0.1,lstm,230,tanh,0.1,linear,1.2659615874290466,1.1632920503616333,51.556303
1,"[139, 486, 152, 79, 61, 0, 0, 0, 0, 0]",0.005,adam,relu,0.1,lstm,230,tanh,0.1,relu,1.2659615874290466,1.1632920503616333,52.141123
2,"[139, 486, 152, 79, 61, 0, 0, 0, 0, 0]",0.005,adam,relu,0.1,lstm,230,tanh,0.1,leaky_relu,1.2659615874290466,1.1632920503616333,52.071123
0,"[139, 486, 152, 79, 61, 0, 0, 0, 0, 0]",0.005,adam,relu,0.1,lstm,230,tanh,0.1,linear,1.3286186814308167,1.1771978259086608,49.054115
1,"[139, 486, 152, 79, 61, 0, 0, 0, 0, 0]",0.005,adam,relu,0.1,lstm,230,tanh,0.1,relu,1.3286186814308167,1.1771978259086608,49.759885000000004
2,"[139, 486, 152, 79, 61, 0, 0, 0, 0, 0]",0.005,adam,relu,0.1,lstm,230,tanh,0.1,leaky_relu,1.3286186814308167,1.1771978259086608,49.67391000000001
0,"[139, 486, 152, 79, 61, 0, 0, 0, 0, 0]",0.005,adam,relu,0.1,lstm,230,tanh,0.1,linear,1.2915157437324525,1.1455266356468201,52.208139
1,"[139, 486, 152, 79, 61, 0, 0, 0, 0, 0]",0.005,adam,relu,0.1,lstm,230,tanh,0.1,relu,1.2915157437324525,1.1455266356468201,52.811896
2,"[139, 486, 152, 79, 61, 0, 0, 0, 0, 0]",0.005,adam,relu,0.1,lstm,230,tanh,0.1,leaky_relu,1.2915157437324525,1.1455266356468201,52.877874999999996
0,"[139, 486, 152, 79, 61, 0, 0, 0, 0, 0]",0.005,adam,relu,0.1,lstm,230,tanh,0.1,linear,1.2795839428901672,1.1478465795516968,53.773584
1,"[139, 486, 152, 79, 61, 0, 0, 0, 0, 0]",0.005,adam,relu,0.1,lstm,230,tanh,0.1,relu,1.2795839428901672,1.1478465795516968,54.328403
2,"[139, 486, 152, 79, 61, 0, 0, 0, 0, 0]",0.005,adam,relu,0.1,lstm,230,tanh,0.1,leaky_relu,1.2795839428901672,1.1478465795516968,54.37039299999999
0,"[139, 486, 152, 79, 61, 0, 0, 0, 0, 0]",0.005,adam,relu,0.1,lstm,230,tanh,0.1,linear,1.2476976275444032,1.1374720454216003,45.717206
1,"[139, 486, 152, 79, 61, 0, 0, 0, 0, 0]",0.005,adam,relu,0.1,lstm,230,tanh,0.1,relu,1.2476976275444032,1.1374720454216003,46.234025
2,"[139, 486, 152, 79, 61, 0, 0, 0, 0, 0]",0.005,adam,relu,0.1,lstm,230,tanh,0.1,leaky_relu,1.2476976275444032,1.1374720454216003,46.265015
0,"[139, 486, 152, 79, 61, 0, 0, 0, 0, 0]",0.005,adam,relu,0.1,lstm,230,tanh,0.1,linear,1.2973195791244507,1.1923661708831788,52.180116
1,"[139, 486, 152, 79, 61, 0, 0, 0, 0, 0]",0.005,adam,relu,0.1,lstm,230,tanh,0.1,relu,1.2973195791244507,1.1923661708831788,52.60096600000001
2,"[139, 486, 152, 79, 61, 0, 0, 0, 0, 0]",0.005,adam,relu,0.1,lstm,230,tanh,0.1,leaky_relu,1.2973195791244507,1.1923661708831788,52.729926999999996
0,"[139, 486, 152, 79, 61, 0, 0, 0, 0, 0]",0.005,adam,relu,0.1,lstm,230,tanh,0.1,linear,1.2183790683746338,1.1209821224212646,49.402998999999994
1,"[139, 486, 152, 79, 61, 0, 0, 0, 0, 0]",0.005,adam,relu,0.1,lstm,230,tanh,0.1,relu,1.2183790683746338,1.1209821224212646,49.743887
2,"[139, 486, 152, 79, 61, 0, 0, 0, 0, 0]",0.005,adam,relu,0.1,lstm,230,tanh,0.1,leaky_relu,1.2183790683746338,1.1209821224212646,49.869894
0,"[139, 486, 152, 79, 61, 0, 0, 0, 0, 0]",0.005,adam,relu,0.1,lstm,230,tanh,0.1,linear,1.2355003952980042,1.1164112567901612,52.967845
1,"[139, 486, 152, 79, 61, 0, 0, 0, 0, 0]",0.005,adam,relu,0.1,lstm,230,tanh,0.1,relu,1.2355003952980042,1.1164112567901612,53.480678
2,"[139, 486, 152, 79, 61, 0, 0, 0, 0, 0]",0.005,adam,relu,0.1,lstm,230,tanh,0.1,leaky_relu,1.2355003952980042,1.1164112567901612,53.502672
0,"[139, 486, 152, 79, 61, 0, 0, 0, 0, 0]",0.005,adam,relu,0.1,lstm,230,tanh,0.1,linear,1.270176076889038,1.1645172357559204,43.503947
1,"[139, 486, 152, 79, 61, 0, 0, 0, 0, 0]",0.005,adam,relu,0.1,lstm,230,tanh,0.1,relu,1.270176076889038,1.1645172357559204,44.036730000000006
2,"[139, 486, 152, 79, 61, 0, 0, 0, 0, 0]",0.005,adam,relu,0.1,lstm,230,tanh,0.1,leaky_relu,1.270176076889038,1.1645172357559204,44.073743
0,"[139, 486, 152, 79, 61, 0, 0, 0, 0, 0]",0.005,adam,relu,0.1,lstm,230,tanh,0.1,linear,1.3237622022628783,1.1782886266708374,49.02412700000001
1,"[139, 486, 152, 79, 61, 0, 0, 0, 0, 0]",0.005,adam,relu,0.1,lstm,230,tanh,0.1,relu,1.3237622022628783,1.1782886266708374,49.656919
2,"[139, 486, 152, 79, 61, 0, 0, 0, 0, 0]",0.005,adam,relu,0.1,lstm,230,tanh,0.1,leaky_relu,1.3237622022628783,1.1782886266708374,49.598935999999995
0,"[139, 486, 152, 79, 61, 0, 0, 0, 0, 0]",0.005,adam,relu,0.1,lstm,230,tanh,0.1,linear,1.319853377342224,1.1854081273078918,50.000828
1,"[139, 486, 152, 79, 61, 0, 0, 0, 0, 0]",0.005,adam,relu,0.1,lstm,230,tanh,0.1,relu,1.319853377342224,1.1854081273078918,50.537632
2,"[139, 486, 152, 79, 61, 0, 0, 0, 0, 0]",0.005,adam,relu,0.1,lstm,230,tanh,0.1,leaky_relu,1.319853377342224,1.1854081273078918,50.374683000000005
0,"[139, 486, 152, 79, 61, 0, 0, 0, 0, 0]",0.005,adam,relu,0.1,lstm,230,tanh,0.1,linear,1.2522500276565551,1.155392575263977,53.288746
1,"[139, 486, 152, 79, 61, 0, 0, 0, 0, 0]",0.005,adam,relu,0.1,lstm,230,tanh,0.1,relu,1.2522500276565551,1.155392575263977,54.347398
2,"[139, 486, 152, 79, 61, 0, 0, 0, 0, 0]",0.005,adam,relu,0.1,lstm,230,tanh,0.1,leaky_relu,1.2522500276565551,1.155392575263977,54.074513
0,"[139, 486, 152, 79, 61, 0, 0, 0, 0, 0]",0.005,adam,relu,0.1,lstm,230,tanh,0.1,linear,1.3299064993858338,1.1528411030769348,47.710550000000005
1,"[139, 486, 152, 79, 61, 0, 0, 0, 0, 0]",0.005,adam,relu,0.1,lstm,230,tanh,0.1,relu,1.3299064993858338,1.1528411030769348,48.295379
2,"[139, 486, 152, 79, 61, 0, 0, 0, 0, 0]",0.005,adam,relu,0.1,lstm,230,tanh,0.1,leaky_relu,1.3299064993858338,1.1528411030769348,48.31335
0,"[139, 486, 152, 79, 61, 0, 0, 0, 0, 0]",0.005,adam,relu,0.1,lstm,230,tanh,0.1,linear,1.2140862584114074,1.1386277437210084,52.78597499999999
1,"[139, 486, 152, 79, 61, 0, 0, 0, 0, 0]",0.005,adam,relu,0.1,lstm,230,tanh,0.1,relu,1.2140862584114074,1.1386277437210084,53.343725
2,"[139, 486, 152, 79, 61, 0, 0, 0, 0, 0]",0.005,adam,relu,0.1,lstm,230,tanh,0.1,leaky_relu,1.2140862584114074,1.1386277437210084,53.384713999999995
0,"[139, 486, 152, 79, 61, 0, 0, 0, 0, 0]",0.005,adam,relu,0.1,lstm,230,tanh,0.1,linear,1.2550784945487976,1.1400203585624695,52.653963000000005
1,"[139, 486, 152, 79, 61, 0, 0, 0, 0, 0]",0.005,adam,relu,0.1,lstm,230,tanh,0.1,relu,1.2550784945487976,1.1400203585624695,53.24275700000001
2,"[139, 486, 152, 79, 61, 0, 0, 0, 0, 0]",0.005,adam,relu,0.1,lstm,230,tanh,0.1,leaky_relu,1.2550784945487976,1.1400203585624695,53.302726
0,"[139, 486, 152, 79, 61, 0, 0, 0, 0, 0]",0.005,adam,relu,0.1,lstm,230,tanh,0.1,linear,1.3233490586280823,1.2083043575286865,47.936475
1,"[139, 486, 152, 79, 61, 0, 0, 0, 0, 0]",0.005,adam,relu,0.1,lstm,230,tanh,0.1,relu,1.3233490586280823,1.2083043575286865,48.505291
2,"[139, 486, 152, 79, 61, 0, 0, 0, 0, 0]",0.005,adam,relu,0.1,lstm,230,tanh,0.1,leaky_relu,1.3233490586280823,1.2083043575286865,48.468299
0,"[139, 486, 152, 79, 61, 0, 0, 0, 0, 0]",0.005,adam,relu,0.1,lstm,230,tanh,0.1,linear,1.286999237537384,1.1603445291519165,44.634589
1,"[139, 486, 152, 79, 61, 0, 0, 0, 0, 0]",0.005,adam,relu,0.1,lstm,230,tanh,0.1,relu,1.286999237537384,1.1603445291519165,45.255343
2,"[139, 486, 152, 79, 61, 0, 0, 0, 0, 0]",0.005,adam,relu,0.1,lstm,230,tanh,0.1,leaky_relu,1.286999237537384,1.1603445291519165,45.308326
0,"[139, 486, 152, 79, 61, 0, 0, 0, 0, 0]",0.005,adam,relu,0.1,lstm,230,tanh,0.1,linear,1.2729376316070558,1.1813398361206056,55.05218
1,"[139, 486, 152, 79, 61, 0, 0, 0, 0, 0]",0.005,adam,relu,0.1,lstm,230,tanh,0.1,relu,1.2729376316070558,1.1813398361206056,55.670969
2,"[139, 486, 152, 79, 61, 0, 0, 0, 0, 0]",0.005,adam,relu,0.1,lstm,230,tanh,0.1,leaky_relu,1.2729376316070558,1.1813398361206056,55.552023999999996
0,"[139, 486, 152, 79, 61, 0, 0, 0, 0, 0]",0.005,adam,relu,0.1,lstm,230,tanh,0.1,linear,1.2168881058692933,1.1497878313064576,49.295063999999996
1,"[139, 486, 152, 79, 61, 0, 0, 0, 0, 0]",0.005,adam,relu,0.1,lstm,230,tanh,0.1,relu,1.2168881058692933,1.1497878313064576,50.07977899999999
2,"[139, 486, 152, 79, 61, 0, 0, 0, 0, 0]",0.005,adam,relu,0.1,lstm,230,tanh,0.1,leaky_relu,1.2168881058692933,1.1497878313064576,49.745903
0,"[139, 486, 152, 79, 61, 0, 0, 0, 0, 0]",0.005,adam,relu,0.1,lstm,230,tanh,0.1,linear,1.2930842280387878,1.1543449997901916,44.856517
1,"[139, 486, 152, 79, 61, 0, 0, 0, 0, 0]",0.005,adam,relu,0.1,lstm,230,tanh,0.1,relu,1.2930842280387878,1.1543449997901916,45.337303
2,"[139, 486, 152, 79, 61, 0, 0, 0, 0, 0]",0.005,adam,relu,0.1,lstm,230,tanh,0.1,leaky_relu,1.2930842280387878,1.1543449997901916,45.270358
0,"[139, 486, 152, 79, 61, 0, 0, 0, 0, 0]",0.005,adam,relu,0.1,lstm,230,tanh,0.1,linear,1.3041152715682984,1.1646777749061585,45.185408
1,"[139, 486, 152, 79, 61, 0, 0, 0, 0, 0]",0.005,adam,relu,0.1,lstm,230,tanh,0.1,relu,1.3041152715682984,1.1646777749061585,45.850156
2,"[139, 486, 152, 79, 61, 0, 0, 0, 0, 0]",0.005,adam,relu,0.1,lstm,230,tanh,0.1,leaky_relu,1.3041152715682984,1.1646777749061585,45.91015000000001
0,"[139, 486, 152, 79, 61, 0, 0, 0, 0, 0]",0.005,adam,relu,0.1,lstm,230,tanh,0.1,linear,1.313486933708191,1.1926738500595093,46.837841999999995
1,"[139, 486, 152, 79, 61, 0, 0, 0, 0, 0]",0.005,adam,relu,0.1,lstm,230,tanh,0.1,relu,1.313486933708191,1.1926738500595093,47.39565
2,"[139, 486, 152, 79, 61, 0, 0, 0, 0, 0]",0.005,adam,relu,0.1,lstm,230,tanh,0.1,leaky_relu,1.313486933708191,1.1926738500595093,47.659565
0,"[139, 486, 152, 79, 61, 0, 0, 0, 0, 0]",0.005,adam,relu,0.1,lstm,230,tanh,0.1,linear,1.3208100080490113,1.198644483089447,44.830481
1,"[139, 486, 152, 79, 61, 0, 0, 0, 0, 0]",0.005,adam,relu,0.1,lstm,230,tanh,0.1,relu,1.3208100080490113,1.198644483089447,45.47026
2,"[139, 486, 152, 79, 61, 0, 0, 0, 0, 0]",0.005,adam,relu,0.1,lstm,230,tanh,0.1,leaky_relu,1.3208100080490113,1.198644483089447,45.540278
0,"[139, 486, 152, 79, 61, 0, 0, 0, 0, 0]",0.005,adam,relu,0.1,lstm,230,tanh,0.1,linear,1.3125192999839783,1.2123100399971007,48.088455
1,"[139, 486, 152, 79, 61, 0, 0, 0, 0, 0]",0.005,adam,relu,0.1,lstm,230,tanh,0.1,relu,1.3125192999839783,1.2123100399971007,48.835184000000005
2,"[139, 486, 152, 79, 61, 0, 0, 0, 0, 0]",0.005,adam,relu,0.1,lstm,230,tanh,0.1,leaky_relu,1.3125192999839783,1.2123100399971007,48.738215
0,"[139, 486, 152, 79, 61, 0, 0, 0, 0, 0]",0.005,adam,relu,0.1,lstm,230,tanh,0.1,linear,1.254552412033081,1.1643164873123169,44.010745
1,"[139, 486, 152, 79, 61, 0, 0, 0, 0, 0]",0.005,adam,relu,0.1,lstm,230,tanh,0.1,relu,1.254552412033081,1.1643164873123169,44.436595999999994
2,"[139, 486, 152, 79, 61, 0, 0, 0, 0, 0]",0.005,adam,relu,0.1,lstm,230,tanh,0.1,leaky_relu,1.254552412033081,1.1643164873123169,44.470601
0,"[139, 486, 152, 79, 61, 0, 0, 0, 0, 0]",0.005,adam,relu,0.1,lstm,230,tanh,0.1,linear,1.3408816814422608,1.1596216917037965,46.451019
1,"[139, 486, 152, 79, 61, 0, 0, 0, 0, 0]",0.005,adam,relu,0.1,lstm,230,tanh,0.1,relu,1.3408816814422608,1.1596216917037965,47.040761
2,"[139, 486, 152, 79, 61, 0, 0, 0, 0, 0]",0.005,adam,relu,0.1,lstm,230,tanh,0.1,leaky_relu,1.3408816814422608,1.1596216917037965,47.13174599999999
0,"[139, 486, 152, 79, 61, 0, 0, 0, 0, 0]",0.005,adam,relu,0.1,lstm,230,tanh,0.1,linear,1.213421607017517,1.1038869738578796,47.439655
1,"[139, 486, 152, 79, 61, 0, 0, 0, 0, 0]",0.005,adam,relu,0.1,lstm,230,tanh,0.1,relu,1.213421607017517,1.1038869738578796,47.588588
2,"[139, 486, 152, 79, 61, 0, 0, 0, 0, 0]",0.005,adam,relu,0.1,lstm,230,tanh,0.1,leaky_relu,1.213421607017517,1.1038869738578796,47.88349
0,"[139, 486, 152, 79, 61, 0, 0, 0, 0, 0]",0.005,adam,relu,0.1,lstm,230,tanh,0.1,linear,1.2940822005271913,1.1529595613479615,52.315062
1,"[139, 486, 152, 79, 61, 0, 0, 0, 0, 0]",0.005,adam,relu,0.1,lstm,230,tanh,0.1,relu,1.2940822005271913,1.1529595613479615,52.726934
2,"[139, 486, 152, 79, 61, 0, 0, 0, 0, 0]",0.005,adam,relu,0.1,lstm,230,tanh,0.1,leaky_relu,1.2940822005271913,1.1529595613479615,52.830890000000004
0,"[139, 486, 152, 79, 61, 0, 0, 0, 0, 0]",0.005,adam,relu,0.1,lstm,230,tanh,0.1,linear,1.2285215735435486,1.11953147649765,51.360377
1,"[139, 486, 152, 79, 61, 0, 0, 0, 0, 0]",0.005,adam,relu,0.1,lstm,230,tanh,0.1,relu,1.2285215735435486,1.11953147649765,52.029139
2,"[139, 486, 152, 79, 61, 0, 0, 0, 0, 0]",0.005,adam,relu,0.1,lstm,230,tanh,0.1,leaky_relu,1.2285215735435486,1.11953147649765,51.87218899999999
0,"[139, 486, 152, 79, 61, 0, 0, 0, 0, 0]",0.005,adam,relu,0.1,lstm,230,tanh,0.1,linear,1.2676476120948792,1.1444884657859802,46.916807000000006
1,"[139, 486, 152, 79, 61, 0, 0, 0, 0, 0]",0.005,adam,relu,0.1,lstm,230,tanh,0.1,relu,1.2676476120948792,1.1444884657859802,47.575581
2,"[139, 486, 152, 79, 61, 0, 0, 0, 0, 0]",0.005,adam,relu,0.1,lstm,230,tanh,0.1,leaky_relu,1.2676476120948792,1.1444884657859802,47.562596000000006
0,"[139, 486, 152, 79, 61, 0, 0, 0, 0, 0]",0.005,adam,relu,0.1,lstm,230,tanh,0.1,linear,1.2576225876808167,1.1204014420509338,50.410674
1,"[139, 486, 152, 79, 61, 0, 0, 0, 0, 0]",0.005,adam,relu,0.1,lstm,230,tanh,0.1,relu,1.2576225876808167,1.1204014420509338,51.129468
2,"[139, 486, 152, 79, 61, 0, 0, 0, 0, 0]",0.005,adam,relu,0.1,lstm,230,tanh,0.1,leaky_relu,1.2576225876808167,1.1204014420509338,50.979489
0,"[139, 486, 152, 79, 61, 0, 0, 0, 0, 0]",0.005,adam,relu,0.1,lstm,230,tanh,0.1,linear,1.2792729616165162,1.1592097878456116,45.164379000000004
1,"[139, 486, 152, 79, 61, 0, 0, 0, 0, 0]",0.005,adam,relu,0.1,lstm,230,tanh,0.1,relu,1.2792729616165162,1.1592097878456116,45.680239
2,"[139, 486, 152, 79, 61, 0, 0, 0, 0, 0]",0.005,adam,relu,0.1,lstm,230,tanh,0.1,leaky_relu,1.2792729616165162,1.1592097878456116,45.786171
0,"[139, 486, 152, 79, 61, 0, 0, 0, 0, 0]",0.005,adam,relu,0.1,lstm,230,tanh,0.1,linear,1.2005691528320312,1.0750664353370667,48.007452
1,"[139, 486, 152, 79, 61, 0, 0, 0, 0, 0]",0.005,adam,relu,0.1,lstm,230,tanh,0.1,relu,1.2005691528320312,1.0750664353370667,48.707226
2,"[139, 486, 152, 79, 61, 0, 0, 0, 0, 0]",0.005,adam,relu,0.1,lstm,230,tanh,0.1,leaky_relu,1.2005691528320312,1.0750664353370667,48.561271
0,"[139, 486, 152, 79, 61, 0, 0, 0, 0, 0]",0.005,adam,relu,0.1,lstm,230,tanh,0.1,linear,1.2476673245429992,1.1463203310966492,51.05648600000001
1,"[139, 486, 152, 79, 61, 0, 0, 0, 0, 0]",0.005,adam,relu,0.1,lstm,230,tanh,0.1,relu,1.2476673245429992,1.1463203310966492,51.580296000000004
2,"[139, 486, 152, 79, 61, 0, 0, 0, 0, 0]",0.005,adam,relu,0.1,lstm,230,tanh,0.1,leaky_relu,1.2476673245429992,1.1463203310966492,51.73724200000001
0,"[139, 486, 152, 79, 61, 0, 0, 0, 0, 0]",0.005,adam,relu,0.1,lstm,230,tanh,0.1,linear,1.2499561667442323,1.0896393179893493,47.181729000000004
1,"[139, 486, 152, 79, 61, 0, 0, 0, 0, 0]",0.005,adam,relu,0.1,lstm,230,tanh,0.1,relu,1.2499561667442323,1.0896393179893493,47.649564999999996
2,"[139, 486, 152, 79, 61, 0, 0, 0, 0, 0]",0.005,adam,relu,0.1,lstm,230,tanh,0.1,leaky_relu,1.2499561667442323,1.0896393179893493,47.75453400000001
0,"[139, 486, 152, 79, 61, 0, 0, 0, 0, 0]",0.005,adam,relu,0.1,lstm,230,tanh,0.1,linear,1.3223945856094361,1.2092817425727844,50.76560099999999
1,"[139, 486, 152, 79, 61, 0, 0, 0, 0, 0]",0.005,adam,relu,0.1,lstm,230,tanh,0.1,relu,1.3223945856094361,1.2092817425727844,51.29637699999999
2,"[139, 486, 152, 79, 61, 0, 0, 0, 0, 0]",0.005,adam,relu,0.1,lstm,230,tanh,0.1,leaky_relu,1.3223945856094361,1.2092817425727844,51.456336
0,"[139, 486, 152, 79, 61, 0, 0, 0, 0, 0]",0.005,adam,relu,0.1,lstm,230,tanh,0.1,linear,1.1992180705070496,1.0894094944000243,46.368982
1,"[139, 486, 152, 79, 61, 0, 0, 0, 0, 0]",0.005,adam,relu,0.1,lstm,230,tanh,0.1,relu,1.1992180705070496,1.0894094944000243,47.211707
2,"[139, 486, 152, 79, 61, 0, 0, 0, 0, 0]",0.005,adam,relu,0.1,lstm,230,tanh,0.1,leaky_relu,1.1992180705070496,1.0894094944000243,47.132754000000006
0,"[139, 486, 152, 79, 61, 0, 0, 0, 0, 0]",0.005,adam,relu,0.1,lstm,230,tanh,0.1,linear,1.2339032530784606,1.1531961917877198,53.63163
1,"[139, 486, 152, 79, 61, 0, 0, 0, 0, 0]",0.005,adam,relu,0.1,lstm,230,tanh,0.1,relu,1.2339032530784606,1.1531961917877198,54.302414
2,"[139, 486, 152, 79, 61, 0, 0, 0, 0, 0]",0.005,adam,relu,0.1,lstm,230,tanh,0.1,leaky_relu,1.2339032530784606,1.1531961917877198,54.410398
0,"[139, 486, 152, 79, 61, 0, 0, 0, 0, 0]",0.005,adam,relu,0.1,lstm,230,tanh,0.1,linear,1.2660481214523316,1.1890137791633606,50.75560399999999
1,"[139, 486, 152, 79, 61, 0, 0, 0, 0, 0]",0.005,adam,relu,0.1,lstm,230,tanh,0.1,relu,1.2660481214523316,1.1890137791633606,51.34936999999999
2,"[139, 486, 152, 79, 61, 0, 0, 0, 0, 0]",0.005,adam,relu,0.1,lstm,230,tanh,0.1,leaky_relu,1.2660481214523316,1.1890137791633606,51.667265
0,"[139, 486, 152, 79, 61, 0, 0, 0, 0, 0]",0.005,adam,relu,0.1,lstm,230,tanh,0.1,linear,1.2844111323356628,1.1995015382766723,52.937854
1,"[139, 486, 152, 79, 61, 0, 0, 0, 0, 0]",0.005,adam,relu,0.1,lstm,230,tanh,0.1,relu,1.2844111323356628,1.1995015382766723,53.63663900000001
2,"[139, 486, 152, 79, 61, 0, 0, 0, 0, 0]",0.005,adam,relu,0.1,lstm,230,tanh,0.1,leaky_relu,1.2844111323356628,1.1995015382766723,53.558653
0,"[139, 486, 152, 79, 61, 0, 0, 0, 0, 0]",0.005,adam,relu,0.1,lstm,230,tanh,0.1,linear,1.2850548028945923,1.2075728058815003,47.499624
1,"[139, 486, 152, 79, 61, 0, 0, 0, 0, 0]",0.005,adam,relu,0.1,lstm,230,tanh,0.1,relu,1.2850548028945923,1.2075728058815003,48.030432000000005
2,"[139, 486, 152, 79, 61, 0, 0, 0, 0, 0]",0.005,adam,relu,0.1,lstm,230,tanh,0.1,leaky_relu,1.2850548028945923,1.2075728058815003,48.043439000000006
0,"[139, 486, 152, 79, 61, 0, 0, 0, 0, 0]",0.005,adam,relu,0.1,lstm,230,tanh,0.1,linear,1.3402740359306335,1.220887041091919,50.988513
1,"[139, 486, 152, 79, 61, 0, 0, 0, 0, 0]",0.005,adam,relu,0.1,lstm,230,tanh,0.1,relu,1.3402740359306335,1.220887041091919,51.623294
2,"[139, 486, 152, 79, 61, 0, 0, 0, 0, 0]",0.005,adam,relu,0.1,lstm,230,tanh,0.1,leaky_relu,1.3402740359306335,1.220887041091919,51.68326
0,"[139, 486, 152, 79, 61, 0, 0, 0, 0, 0]",0.005,adam,relu,0.1,lstm,230,tanh,0.1,linear,1.2924620628356933,1.1631166577339171,43.784819999999996
1,"[139, 486, 152, 79, 61, 0, 0, 0, 0, 0]",0.005,adam,relu,0.1,lstm,230,tanh,0.1,relu,1.2924620628356933,1.1631166577339171,44.335646
2,"[139, 486, 152, 79, 61, 0, 0, 0, 0, 0]",0.005,adam,relu,0.1,lstm,230,tanh,0.1,leaky_relu,1.2924620628356933,1.1631166577339171,44.289654
0,"[139, 486, 152, 79, 61, 0, 0, 0, 0, 0]",0.005,adam,relu,0.1,lstm,230,tanh,0.1,linear,1.1879195332527162,1.10760098695755,49.529958
1,"[139, 486, 152, 79, 61, 0, 0, 0, 0, 0]",0.005,adam,relu,0.1,lstm,230,tanh,0.1,relu,1.1879195332527162,1.10760098695755,50.14376
2,"[139, 486, 152, 79, 61, 0, 0, 0, 0, 0]",0.005,adam,relu,0.1,lstm,230,tanh,0.1,leaky_relu,1.1879195332527162,1.10760098695755,50.291712
0,"[139, 486, 152, 79, 61, 0, 0, 0, 0, 0]",0.005,adam,relu,0.1,lstm,230,tanh,0.1,linear,1.3309018850326537,1.2286912560462953,49.287043
1,"[139, 486, 152, 79, 61, 0, 0, 0, 0, 0]",0.005,adam,relu,0.1,lstm,230,tanh,0.1,relu,1.3309018850326537,1.2286912560462953,49.936844
2,"[139, 486, 152, 79, 61, 0, 0, 0, 0, 0]",0.005,adam,relu,0.1,lstm,230,tanh,0.1,leaky_relu,1.3309018850326537,1.2286912560462953,49.915847
0,"[139, 486, 152, 79, 61, 0, 0, 0, 0, 0]",0.005,adam,relu,0.1,lstm,230,tanh,0.1,linear,1.2163224935531616,1.1021723985671996,46.548923
1,"[139, 486, 152, 79, 61, 0, 0, 0, 0, 0]",0.005,adam,relu,0.1,lstm,230,tanh,0.1,relu,1.2163224935531616,1.1021723985671996,47.157755
2,"[139, 486, 152, 79, 61, 0, 0, 0, 0, 0]",0.005,adam,relu,0.1,lstm,230,tanh,0.1,leaky_relu,1.2163224935531616,1.1021723985671996,47.260718
0,"[139, 486, 152, 79, 61, 0, 0, 0, 0, 0]",0.005,adam,relu,0.1,lstm,230,tanh,0.1,linear,1.2509955763816833,1.1775554299354554,46.54992300000001
1,"[139, 486, 152, 79, 61, 0, 0, 0, 0, 0]",0.005,adam,relu,0.1,lstm,230,tanh,0.1,relu,1.2509955763816833,1.1775554299354554,47.155725999999994
2,"[139, 486, 152, 79, 61, 0, 0, 0, 0, 0]",0.005,adam,relu,0.1,lstm,230,tanh,0.1,leaky_relu,1.2509955763816833,1.1775554299354554,47.099742
0,"[139, 486, 152, 79, 61, 0, 0, 0, 0, 0]",0.005,adam,relu,0.1,lstm,230,tanh,0.1,linear,1.2658114552497863,1.1527852654457091,50.59563800000001
1,"[139, 486, 152, 79, 61, 0, 0, 0, 0, 0]",0.005,adam,relu,0.1,lstm,230,tanh,0.1,relu,1.2658114552497863,1.1527852654457091,51.365391
2,"[139, 486, 152, 79, 61, 0, 0, 0, 0, 0]",0.005,adam,relu,0.1,lstm,230,tanh,0.1,leaky_relu,1.2658114552497863,1.1527852654457091,51.363378999999995
0,"[139, 486, 152, 79, 61, 0, 0, 0, 0, 0]",0.005,adam,relu,0.1,lstm,230,tanh,0.1,linear,1.266267144680023,1.1456136345863341,52.371038999999996
1,"[139, 486, 152, 79, 61, 0, 0, 0, 0, 0]",0.005,adam,relu,0.1,lstm,230,tanh,0.1,relu,1.266267144680023,1.1456136345863341,53.001834
2,"[139, 486, 152, 79, 61, 0, 0, 0, 0, 0]",0.005,adam,relu,0.1,lstm,230,tanh,0.1,leaky_relu,1.266267144680023,1.1456136345863341,52.922888
0,"[139, 486, 152, 79, 61, 0, 0, 0, 0, 0]",0.005,adam,relu,0.1,lstm,230,tanh,0.1,linear,1.2475915551185608,1.136013686656952,47.705583
1,"[139, 486, 152, 79, 61, 0, 0, 0, 0, 0]",0.005,adam,relu,0.1,lstm,230,tanh,0.1,relu,1.2475915551185608,1.136013686656952,48.155448
2,"[139, 486, 152, 79, 61, 0, 0, 0, 0, 0]",0.005,adam,relu,0.1,lstm,230,tanh,0.1,leaky_relu,1.2475915551185608,1.136013686656952,48.397327000000004
0,"[139, 486, 152, 79, 61, 0, 0, 0, 0, 0]",0.005,adam,relu,0.1,lstm,230,tanh,0.1,linear,1.2905167818069458,1.139906406402588,50.02982
1,"[139, 486, 152, 79, 61, 0, 0, 0, 0, 0]",0.005,adam,relu,0.1,lstm,230,tanh,0.1,relu,1.2905167818069458,1.139906406402588,50.60061
2,"[139, 486, 152, 79, 61, 0, 0, 0, 0, 0]",0.005,adam,relu,0.1,lstm,230,tanh,0.1,leaky_relu,1.2905167818069458,1.139906406402588,50.56762500000001
0,"[139, 486, 152, 79, 61, 0, 0, 0, 0, 0]",0.005,adam,relu,0.1,lstm,230,tanh,0.1,linear,1.2626137375831603,1.1397401213645935,48.614276
1,"[139, 486, 152, 79, 61, 0, 0, 0, 0, 0]",0.005,adam,relu,0.1,lstm,230,tanh,0.1,relu,1.2626137375831603,1.1397401213645935,49.396003
2,"[139, 486, 152, 79, 61, 0, 0, 0, 0, 0]",0.005,adam,relu,0.1,lstm,230,tanh,0.1,leaky_relu,1.2626137375831603,1.1397401213645935,49.34800299999999
0,"[139, 486, 152, 79, 61, 0, 0, 0, 0, 0]",0.005,adam,relu,0.1,lstm,230,tanh,0.1,linear,1.2828938245773316,1.1905459761619568,49.501954999999995
1,"[139, 486, 152, 79, 61, 0, 0, 0, 0, 0]",0.005,adam,relu,0.1,lstm,230,tanh,0.1,relu,1.2828938245773316,1.1905459761619568,50.220735999999995
2,"[139, 486, 152, 79, 61, 0, 0, 0, 0, 0]",0.005,adam,relu,0.1,lstm,230,tanh,0.1,leaky_relu,1.2828938245773316,1.1905459761619568,50.101772999999994
0,"[139, 486, 152, 79, 61, 0, 0, 0, 0, 0]",0.005,adam,relu,0.1,lstm,230,tanh,0.1,linear,1.2674842834472657,1.1483534455299378,50.273737999999994
1,"[139, 486, 152, 79, 61, 0, 0, 0, 0, 0]",0.005,adam,relu,0.1,lstm,230,tanh,0.1,relu,1.2674842834472657,1.1483534455299378,50.960493
2,"[139, 486, 152, 79, 61, 0, 0, 0, 0, 0]",0.005,adam,relu,0.1,lstm,230,tanh,0.1,leaky_relu,1.2674842834472657,1.1483534455299378,51.006478
0,"[139, 486, 152, 79, 61, 0, 0, 0, 0, 0]",0.005,adam,relu,0.1,lstm,230,tanh,0.1,linear,1.2211349725723266,1.082342767715454,46.240083
1,"[139, 486, 152, 79, 61, 0, 0, 0, 0, 0]",0.005,adam,relu,0.1,lstm,230,tanh,0.1,relu,1.2211349725723266,1.082342767715454,46.855824
2,"[139, 486, 152, 79, 61, 0, 0, 0, 0, 0]",0.005,adam,relu,0.1,lstm,230,tanh,0.1,leaky_relu,1.2211349725723266,1.082342767715454,46.718869
0,"[139, 486, 152, 79, 61, 0, 0, 0, 0, 0]",0.005,adam,relu,0.1,lstm,230,tanh,0.1,linear,1.211123812198639,1.094227683544159,57.26045500000001
1,"[139, 486, 152, 79, 61, 0, 0, 0, 0, 0]",0.005,adam,relu,0.1,lstm,230,tanh,0.1,relu,1.211123812198639,1.094227683544159,57.901236000000004
2,"[139, 486, 152, 79, 61, 0, 0, 0, 0, 0]",0.005,adam,relu,0.1,lstm,230,tanh,0.1,leaky_relu,1.211123812198639,1.094227683544159,57.63134
0,"[139, 486, 152, 79, 61, 0, 0, 0, 0, 0]",0.005,adam,relu,0.1,lstm,230,tanh,0.1,linear,1.2684422731399536,1.1547335982322693,54.59532299999999
1,"[139, 486, 152, 79, 61, 0, 0, 0, 0, 0]",0.005,adam,relu,0.1,lstm,230,tanh,0.1,relu,1.2684422731399536,1.1547335982322693,55.24710499999999
2,"[139, 486, 152, 79, 61, 0, 0, 0, 0, 0]",0.005,adam,relu,0.1,lstm,230,tanh,0.1,leaky_relu,1.2684422731399536,1.1547335982322693,55.133159
0,"[139, 486, 152, 79, 61, 0, 0, 0, 0, 0]",0.005,adam,relu,0.1,lstm,230,tanh,0.1,linear,1.2377761125564575,1.1290119290351868,49.036108
1,"[139, 486, 152, 79, 61, 0, 0, 0, 0, 0]",0.005,adam,relu,0.1,lstm,230,tanh,0.1,relu,1.2377761125564575,1.1290119290351868,49.667919999999995
2,"[139, 486, 152, 79, 61, 0, 0, 0, 0, 0]",0.005,adam,relu,0.1,lstm,230,tanh,0.1,leaky_relu,1.2377761125564575,1.1290119290351868,49.653969
0,"[139, 486, 152, 79, 61, 0, 0, 0, 0, 0]",0.005,adam,relu,0.1,lstm,230,tanh,0.1,linear,1.2809918761253356,1.1555490374565125,51.368372
1,"[139, 486, 152, 79, 61, 0, 0, 0, 0, 0]",0.005,adam,relu,0.1,lstm,230,tanh,0.1,relu,1.2809918761253356,1.1555490374565125,52.066136
2,"[139, 486, 152, 79, 61, 0, 0, 0, 0, 0]",0.005,adam,relu,0.1,lstm,230,tanh,0.1,leaky_relu,1.2809918761253356,1.1555490374565125,52.186106
0,"[139, 486, 152, 79, 61, 0, 0, 0, 0, 0]",0.005,adam,relu,0.1,lstm,230,tanh,0.1,linear,1.2492372751235963,1.1422716617584228,44.2667
1,"[139, 486, 152, 79, 61, 0, 0, 0, 0, 0]",0.005,adam,relu,0.1,lstm,230,tanh,0.1,relu,1.2492372751235963,1.1422716617584228,44.805479999999996
2,"[139, 486, 152, 79, 61, 0, 0, 0, 0, 0]",0.005,adam,relu,0.1,lstm,230,tanh,0.1,leaky_relu,1.2492372751235963,1.1422716617584228,44.840498000000004
0,"[139, 486, 152, 79, 61, 0, 0, 0, 0, 0]",0.005,adam,relu,0.1,lstm,230,tanh,0.1,linear,1.3146989226341248,1.1490947365760804,48.933151
1,"[139, 486, 152, 79, 61, 0, 0, 0, 0, 0]",0.005,adam,relu,0.1,lstm,230,tanh,0.1,relu,1.3146989226341248,1.1490947365760804,49.398
2,"[139, 486, 152, 79, 61, 0, 0, 0, 0, 0]",0.005,adam,relu,0.1,lstm,230,tanh,0.1,leaky_relu,1.3146989226341248,1.1490947365760804,49.348033
0,"[139, 486, 152, 79, 61, 0, 0, 0, 0, 0]",0.005,adam,relu,0.1,lstm,230,tanh,0.1,linear,1.2903946161270141,1.1903653979301452,48.82119
1,"[139, 486, 152, 79, 61, 0, 0, 0, 0, 0]",0.005,adam,relu,0.1,lstm,230,tanh,0.1,relu,1.2903946161270141,1.1903653979301452,49.53095
2,"[139, 486, 152, 79, 61, 0, 0, 0, 0, 0]",0.005,adam,relu,0.1,lstm,230,tanh,0.1,leaky_relu,1.2903946161270141,1.1903653979301452,49.378995
0,"[139, 486, 152, 79, 61, 0, 0, 0, 0, 0]",0.005,adam,relu,0.1,lstm,230,tanh,0.1,linear,1.2546664714813232,1.120132863521576,48.934152000000005
1,"[139, 486, 152, 79, 61, 0, 0, 0, 0, 0]",0.005,adam,relu,0.1,lstm,230,tanh,0.1,relu,1.2546664714813232,1.120132863521576,49.632929
2,"[139, 486, 152, 79, 61, 0, 0, 0, 0, 0]",0.005,adam,relu,0.1,lstm,230,tanh,0.1,leaky_relu,1.2546664714813232,1.120132863521576,49.404997
0,"[139, 486, 152, 79, 61, 0, 0, 0, 0, 0]",0.005,adam,relu,0.1,lstm,230,tanh,0.1,linear,1.2540791630744934,1.1644363164901734,48.855183
1,"[139, 486, 152, 79, 61, 0, 0, 0, 0, 0]",0.005,adam,relu,0.1,lstm,230,tanh,0.1,relu,1.2540791630744934,1.1644363164901734,49.310048
2,"[139, 486, 152, 79, 61, 0, 0, 0, 0, 0]",0.005,adam,relu,0.1,lstm,230,tanh,0.1,leaky_relu,1.2540791630744934,1.1644363164901734,49.496968
0,"[139, 486, 152, 79, 61, 0, 0, 0, 0, 0]",0.005,adam,relu,0.1,lstm,230,tanh,0.1,linear,1.294686210155487,1.1569119453430177,48.294380000000004
1,"[139, 486, 152, 79, 61, 0, 0, 0, 0, 0]",0.005,adam,relu,0.1,lstm,230,tanh,0.1,relu,1.294686210155487,1.1569119453430177,49.014128
2,"[139, 486, 152, 79, 61, 0, 0, 0, 0, 0]",0.005,adam,relu,0.1,lstm,230,tanh,0.1,leaky_relu,1.294686210155487,1.1569119453430177,48.998207
0,"[139, 486, 152, 79, 61, 0, 0, 0, 0, 0]",0.005,adam,relu,0.1,lstm,230,tanh,0.1,linear,1.3278231143951416,1.19862859249115,50.298728000000004
1,"[139, 486, 152, 79, 61, 0, 0, 0, 0, 0]",0.005,adam,relu,0.1,lstm,230,tanh,0.1,relu,1.3278231143951416,1.19862859249115,50.825561
2,"[139, 486, 152, 79, 61, 0, 0, 0, 0, 0]",0.005,adam,relu,0.1,lstm,230,tanh,0.1,leaky_relu,1.3278231143951416,1.19862859249115,50.779589
0,"[139, 486, 152, 79, 61, 0, 0, 0, 0, 0]",0.005,adam,relu,0.1,lstm,230,tanh,0.1,linear,1.3638137459754944,1.2015897154808044,43.514905
1,"[139, 486, 152, 79, 61, 0, 0, 0, 0, 0]",0.005,adam,relu,0.1,lstm,230,tanh,0.1,relu,1.3638137459754944,1.2015897154808044,44.299684
2,"[139, 486, 152, 79, 61, 0, 0, 0, 0, 0]",0.005,adam,relu,0.1,lstm,230,tanh,0.1,leaky_relu,1.3638137459754944,1.2015897154808044,44.133703999999994
0,"[139, 486, 152, 79, 61, 0, 0, 0, 0, 0]",0.005,adam,relu,0.1,lstm,230,tanh,0.1,linear,1.3502898454666137,1.2239329814910889,45.816169
1,"[139, 486, 152, 79, 61, 0, 0, 0, 0, 0]",0.005,adam,relu,0.1,lstm,230,tanh,0.1,relu,1.3502898454666137,1.2239329814910889,46.447984
2,"[139, 486, 152, 79, 61, 0, 0, 0, 0, 0]",0.005,adam,relu,0.1,lstm,230,tanh,0.1,leaky_relu,1.3502898454666137,1.2239329814910889,46.403971
0,"[139, 486, 152, 79, 61, 0, 0, 0, 0, 0]",0.005,adam,relu,0.1,lstm,230,tanh,0.1,linear,1.3378535270690919,1.1976327419281005,50.305706
1,"[139, 486, 152, 79, 61, 0, 0, 0, 0, 0]",0.005,adam,relu,0.1,lstm,230,tanh,0.1,relu,1.3378535270690919,1.1976327419281005,50.74557899999999
2,"[139, 486, 152, 79, 61, 0, 0, 0, 0, 0]",0.005,adam,relu,0.1,lstm,230,tanh,0.1,leaky_relu,1.3378535270690919,1.1976327419281005,50.76256099999999
0,"[139, 486, 152, 79, 61, 0, 0, 0, 0, 0]",0.005,adam,relu,0.1,lstm,230,tanh,0.1,linear,1.2792679429054261,1.1771343350410461,50.795549
1,"[139, 486, 152, 79, 61, 0, 0, 0, 0, 0]",0.005,adam,relu,0.1,lstm,230,tanh,0.1,relu,1.2792679429054261,1.1771343350410461,51.413348000000006
2,"[139, 486, 152, 79, 61, 0, 0, 0, 0, 0]",0.005,adam,relu,0.1,lstm,230,tanh,0.1,leaky_relu,1.2792679429054261,1.1771343350410461,51.51131699999999
0,"[139, 486, 152, 79, 61, 0, 0, 0, 0, 0]",0.005,adam,relu,0.1,lstm,230,tanh,0.1,linear,1.2866816759109496,1.163341236114502,51.85720599999999
1,"[139, 486, 152, 79, 61, 0, 0, 0, 0, 0]",0.005,adam,relu,0.1,lstm,230,tanh,0.1,relu,1.2866816759109496,1.163341236114502,52.777908
2,"[139, 486, 152, 79, 61, 0, 0, 0, 0, 0]",0.005,adam,relu,0.1,lstm,230,tanh,0.1,leaky_relu,1.2866816759109496,1.163341236114502,52.587968000000004
0,"[139, 486, 152, 79, 61, 0, 0, 0, 0, 0]",0.005,adam,relu,0.1,lstm,230,tanh,0.1,linear,1.2358132004737854,1.1664730668067933,46.909807
1,"[139, 486, 152, 79, 61, 0, 0, 0, 0, 0]",0.005,adam,relu,0.1,lstm,230,tanh,0.1,relu,1.2358132004737854,1.1664730668067933,47.600584
2,"[139, 486, 152, 79, 61, 0, 0, 0, 0, 0]",0.005,adam,relu,0.1,lstm,230,tanh,0.1,leaky_relu,1.2358132004737854,1.1664730668067933,47.511618
0,"[139, 486, 152, 79, 61, 0, 0, 0, 0, 0]",0.005,adam,relu,0.1,lstm,230,tanh,0.1,linear,1.2737242460250855,1.1893845200538635,44.331644
1,"[139, 486, 152, 79, 61, 0, 0, 0, 0, 0]",0.005,adam,relu,0.1,lstm,230,tanh,0.1,relu,1.2737242460250855,1.1893845200538635,44.868456
2,"[139, 486, 152, 79, 61, 0, 0, 0, 0, 0]",0.005,adam,relu,0.1,lstm,230,tanh,0.1,leaky_relu,1.2737242460250855,1.1893845200538635,44.812485
0,"[139, 486, 152, 79, 61, 0, 0, 0, 0, 0]",0.005,adam,relu,0.1,lstm,230,tanh,0.1,linear,1.3161792159080505,1.193065357208252,51.161466000000004
1,"[139, 486, 152, 79, 61, 0, 0, 0, 0, 0]",0.005,adam,relu,0.1,lstm,230,tanh,0.1,relu,1.3161792159080505,1.193065357208252,51.777232
2,"[139, 486, 152, 79, 61, 0, 0, 0, 0, 0]",0.005,adam,relu,0.1,lstm,230,tanh,0.1,leaky_relu,1.3161792159080505,1.193065357208252,51.855205
0,"[139, 486, 152, 79, 61, 0, 0, 0, 0, 0]",0.005,adam,relu,0.1,lstm,230,tanh,0.1,linear,1.1807965159416198,1.1088385820388793,56.312762000000006
1,"[139, 486, 152, 79, 61, 0, 0, 0, 0, 0]",0.005,adam,relu,0.1,lstm,230,tanh,0.1,relu,1.1807965159416198,1.1088385820388793,56.805626000000004
2,"[139, 486, 152, 79, 61, 0, 0, 0, 0, 0]",0.005,adam,relu,0.1,lstm,230,tanh,0.1,leaky_relu,1.1807965159416198,1.1088385820388793,56.728627
0,"[139, 486, 152, 79, 61, 0, 0, 0, 0, 0]",0.005,adam,relu,0.1,lstm,230,tanh,0.1,linear,1.3036978363990783,1.2033405661582948,47.835508000000004
1,"[139, 486, 152, 79, 61, 0, 0, 0, 0, 0]",0.005,adam,relu,0.1,lstm,230,tanh,0.1,relu,1.3036978363990783,1.2033405661582948,48.364325
2,"[139, 486, 152, 79, 61, 0, 0, 0, 0, 0]",0.005,adam,relu,0.1,lstm,230,tanh,0.1,leaky_relu,1.3036978363990783,1.2033405661582948,48.560291
0,"[139, 486, 152, 79, 61, 0, 0, 0, 0, 0]",0.005,adam,relu,0.1,lstm,230,tanh,0.1,linear,1.28342946767807,1.1752334833145142,47.657578
1,"[139, 486, 152, 79, 61, 0, 0, 0, 0, 0]",0.005,adam,relu,0.1,lstm,230,tanh,0.1,relu,1.28342946767807,1.1752334833145142,48.301348000000004
2,"[139, 486, 152, 79, 61, 0, 0, 0, 0, 0]",0.005,adam,relu,0.1,lstm,230,tanh,0.1,leaky_relu,1.28342946767807,1.1752334833145142,48.255372
0,"[139, 486, 152, 79, 61, 0, 0, 0, 0, 0]",0.005,adam,relu,0.1,lstm,230,tanh,0.1,linear,1.3047063827514649,1.1977175116539,45.193363
1,"[139, 486, 152, 79, 61, 0, 0, 0, 0, 0]",0.005,adam,relu,0.1,lstm,230,tanh,0.1,relu,1.3047063827514649,1.1977175116539,45.942121
2,"[139, 486, 152, 79, 61, 0, 0, 0, 0, 0]",0.005,adam,relu,0.1,lstm,230,tanh,0.1,leaky_relu,1.3047063827514649,1.1977175116539,45.850138
0,"[139, 486, 152, 79, 61, 0, 0, 0, 0, 0]",0.005,adam,relu,0.1,lstm,230,tanh,0.1,linear,1.2333024501800538,1.1287156462669372,51.916185
1,"[139, 486, 152, 79, 61, 0, 0, 0, 0, 0]",0.005,adam,relu,0.1,lstm,230,tanh,0.1,relu,1.2333024501800538,1.1287156462669372,52.416011999999995
2,"[139, 486, 152, 79, 61, 0, 0, 0, 0, 0]",0.005,adam,relu,0.1,lstm,230,tanh,0.1,leaky_relu,1.2333024501800538,1.1287156462669372,52.43302399999999
0,"[139, 486, 152, 79, 61, 0, 0, 0, 0, 0]",0.005,adam,relu,0.1,lstm,230,tanh,0.1,linear,1.3206727862358094,1.20080646276474,47.444632999999996
1,"[139, 486, 152, 79, 61, 0, 0, 0, 0, 0]",0.005,adam,relu,0.1,lstm,230,tanh,0.1,relu,1.3206727862358094,1.20080646276474,47.993455999999995
2,"[139, 486, 152, 79, 61, 0, 0, 0, 0, 0]",0.005,adam,relu,0.1,lstm,230,tanh,0.1,leaky_relu,1.3206727862358094,1.20080646276474,47.95546900000001
0,"[139, 486, 152, 79, 61, 0, 0, 0, 0, 0]",0.005,adam,relu,0.1,lstm,230,tanh,0.1,linear,1.3215917229652405,1.140073788166046,46.696874
1,"[139, 486, 152, 79, 61, 0, 0, 0, 0, 0]",0.005,adam,relu,0.1,lstm,230,tanh,0.1,relu,1.3215917229652405,1.140073788166046,47.300647
2,"[139, 486, 152, 79, 61, 0, 0, 0, 0, 0]",0.005,adam,relu,0.1,lstm,230,tanh,0.1,leaky_relu,1.3215917229652405,1.140073788166046,47.154803
0,"[139, 486, 152, 79, 61, 0, 0, 0, 0, 0]",0.005,adam,relu,0.1,lstm,230,tanh,0.1,linear,1.2505951523780823,1.1585334658622741,46.291024
1,"[139, 486, 152, 79, 61, 0, 0, 0, 0, 0]",0.005,adam,relu,0.1,lstm,230,tanh,0.1,relu,1.2505951523780823,1.1585334658622741,47.089749
2,"[139, 486, 152, 79, 61, 0, 0, 0, 0, 0]",0.005,adam,relu,0.1,lstm,230,tanh,0.1,leaky_relu,1.2505951523780823,1.1585334658622741,47.031802
0,"[139, 486, 152, 79, 61, 0, 0, 0, 0, 0]",0.005,adam,relu,0.1,lstm,230,tanh,0.1,linear,1.2873560428619384,1.2050251126289369,47.63857
1,"[139, 486, 152, 79, 61, 0, 0, 0, 0, 0]",0.005,adam,relu,0.1,lstm,230,tanh,0.1,relu,1.2873560428619384,1.2050251126289369,51.373363
2,"[139, 486, 152, 79, 61, 0, 0, 0, 0, 0]",0.005,adam,relu,0.1,lstm,230,tanh,0.1,leaky_relu,1.2873560428619384,1.2050251126289369,55.206106000000005
0,"[139, 486, 152, 79, 61, 0, 0, 0, 0, 0]",0.005,adam,relu,0.1,lstm,230,tanh,0.1,linear,1.2593663334846497,1.1566057205200195,54.28793
1,"[139, 486, 152, 79, 61, 0, 0, 0, 0, 0]",0.005,adam,relu,0.1,lstm,230,tanh,0.1,relu,1.2593663334846497,1.1566057205200195,52.410737999999995
2,"[139, 486, 152, 79, 61, 0, 0, 0, 0, 0]",0.005,adam,relu,0.1,lstm,230,tanh,0.1,leaky_relu,1.2593663334846497,1.1566057205200195,56.288194000000004
0,"[139, 486, 152, 79, 61, 0, 0, 0, 0, 0]",0.005,adam,relu,0.1,lstm,230,tanh,0.1,linear,1.3249434232711792,1.2076457500457765,59.031971
1,"[139, 486, 152, 79, 61, 0, 0, 0, 0, 0]",0.005,adam,relu,0.1,lstm,230,tanh,0.1,relu,1.3249434232711792,1.2076457500457765,50.810544
2,"[139, 486, 152, 79, 61, 0, 0, 0, 0, 0]",0.005,adam,relu,0.1,lstm,230,tanh,0.1,leaky_relu,1.3249434232711792,1.2076457500457765,50.03730899999999
0,"[139, 486, 152, 79, 61, 0, 0, 0, 0, 0]",0.005,adam,relu,0.1,lstm,230,tanh,0.1,linear,1.212619709968567,1.1385088562965393,56.690654
1,"[139, 486, 152, 79, 61, 0, 0, 0, 0, 0]",0.005,adam,relu,0.1,lstm,230,tanh,0.1,relu,1.212619709968567,1.1385088562965393,57.859266
2,"[139, 486, 152, 79, 61, 0, 0, 0, 0, 0]",0.005,adam,relu,0.1,lstm,230,tanh,0.1,leaky_relu,1.212619709968567,1.1385088562965393,58.639279
0,"[139, 486, 152, 79, 61, 0, 0, 0, 0, 0]",0.005,adam,relu,0.1,lstm,230,tanh,0.1,linear,1.3445526957511902,1.1970868229866027,53.280746
1,"[139, 486, 152, 79, 61, 0, 0, 0, 0, 0]",0.005,adam,relu,0.1,lstm,230,tanh,0.1,relu,1.3445526957511902,1.1970868229866027,53.72047799999999
2,"[139, 486, 152, 79, 61, 0, 0, 0, 0, 0]",0.005,adam,relu,0.1,lstm,230,tanh,0.1,leaky_relu,1.3445526957511902,1.1970868229866027,54.222468
0,"[139, 486, 152, 79, 61, 0, 0, 0, 0, 0]",0.005,adam,relu,0.1,lstm,230,tanh,0.1,linear,1.318183720111847,1.162458026409149,49.164082
1,"[139, 486, 152, 79, 61, 0, 0, 0, 0, 0]",0.005,adam,relu,0.1,lstm,230,tanh,0.1,relu,1.318183720111847,1.162458026409149,47.896485999999996
2,"[139, 486, 152, 79, 61, 0, 0, 0, 0, 0]",0.005,adam,relu,0.1,lstm,230,tanh,0.1,leaky_relu,1.318183720111847,1.162458026409149,48.532033
0,"[139, 486, 152, 79, 61, 0, 0, 0, 0, 0]",0.005,adam,relu,0.1,lstm,230,tanh,0.1,linear,1.323538637161255,1.1814668774604797,45.643991
1,"[139, 486, 152, 79, 61, 0, 0, 0, 0, 0]",0.005,adam,relu,0.1,lstm,230,tanh,0.1,relu,1.323538637161255,1.1814668774604797,46.832303
2,"[139, 486, 152, 79, 61, 0, 0, 0, 0, 0]",0.005,adam,relu,0.1,lstm,230,tanh,0.1,leaky_relu,1.323538637161255,1.1814668774604797,46.01809299999999
0,"[139, 486, 152, 79, 61, 0, 0, 0, 0, 0]",0.005,adam,relu,0.1,lstm,230,tanh,0.1,linear,1.2582950711250305,1.1520948529243469,53.701244
1,"[139, 486, 152, 79, 61, 0, 0, 0, 0, 0]",0.005,adam,relu,0.1,lstm,230,tanh,0.1,relu,1.2582950711250305,1.1520948529243469,54.40149
2,"[139, 486, 152, 79, 61, 0, 0, 0, 0, 0]",0.005,adam,relu,0.1,lstm,230,tanh,0.1,leaky_relu,1.2582950711250305,1.1520948529243469,55.934077
0,"[139, 486, 152, 79, 61, 0, 0, 0, 0, 0]",0.005,adam,relu,0.1,lstm,230,tanh,0.1,linear,1.173345112800598,1.070009696483612,59.69708399999999
1,"[139, 486, 152, 79, 61, 0, 0, 0, 0, 0]",0.005,adam,relu,0.1,lstm,230,tanh,0.1,relu,1.173345112800598,1.070009696483612,57.949155000000005
2,"[139, 486, 152, 79, 61, 0, 0, 0, 0, 0]",0.005,adam,relu,0.1,lstm,230,tanh,0.1,leaky_relu,1.173345112800598,1.070009696483612,57.277131
0,"[139, 486, 152, 79, 61, 0, 0, 0, 0, 0]",0.005,adam,relu,0.1,lstm,230,tanh,0.1,linear,1.2780943632125854,1.1811929106712342,56.828705
1,"[139, 486, 152, 79, 61, 0, 0, 0, 0, 0]",0.005,adam,relu,0.1,lstm,230,tanh,0.1,relu,1.2780943632125854,1.1811929106712342,59.763233
2,"[139, 486, 152, 79, 61, 0, 0, 0, 0, 0]",0.005,adam,relu,0.1,lstm,230,tanh,0.1,leaky_relu,1.2780943632125854,1.1811929106712342,57.971424999999996
0,"[139, 486, 152, 79, 61, 0, 0, 0, 0, 0]",0.005,adam,relu,0.1,lstm,230,tanh,0.1,linear,1.2394833445549012,1.127154576778412,57.008123
1,"[139, 486, 152, 79, 61, 0, 0, 0, 0, 0]",0.005,adam,relu,0.1,lstm,230,tanh,0.1,relu,1.2394833445549012,1.127154576778412,54.950300999999996
2,"[139, 486, 152, 79, 61, 0, 0, 0, 0, 0]",0.005,adam,relu,0.1,lstm,230,tanh,0.1,leaky_relu,1.2394833445549012,1.127154576778412,55.327556
0,"[139, 486, 152, 79, 61, 0, 0, 0, 0, 0]",0.005,adam,relu,0.1,lstm,230,tanh,0.1,linear,1.2183161497116088,1.143058705329895,54.979726
1,"[139, 486, 152, 79, 61, 0, 0, 0, 0, 0]",0.005,adam,relu,0.1,lstm,230,tanh,0.1,relu,1.2183161497116088,1.143058705329895,56.185432
2,"[139, 486, 152, 79, 61, 0, 0, 0, 0, 0]",0.005,adam,relu,0.1,lstm,230,tanh,0.1,leaky_relu,1.2183161497116088,1.143058705329895,55.241415
0,"[139, 486, 152, 79, 61, 0, 0, 0, 0, 0]",0.005,adam,relu,0.1,lstm,230,tanh,0.1,linear,1.3517725706100463,1.2758399724960328,51.807801
1,"[139, 486, 152, 79, 61, 0, 0, 0, 0, 0]",0.005,adam,relu,0.1,lstm,230,tanh,0.1,relu,1.3517725706100463,1.2758399724960328,52.556022999999996
2,"[139, 486, 152, 79, 61, 0, 0, 0, 0, 0]",0.005,adam,relu,0.1,lstm,230,tanh,0.1,leaky_relu,1.3517725706100463,1.2758399724960328,55.334079
0,"[139, 486, 152, 79, 61, 0, 0, 0, 0, 0]",0.005,adam,relu,0.1,lstm,230,tanh,0.1,linear,1.324241030216217,1.1863739252090455,57.155509
1,"[139, 486, 152, 79, 61, 0, 0, 0, 0, 0]",0.005,adam,relu,0.1,lstm,230,tanh,0.1,relu,1.324241030216217,1.1863739252090455,50.195468
2,"[139, 486, 152, 79, 61, 0, 0, 0, 0, 0]",0.005,adam,relu,0.1,lstm,230,tanh,0.1,leaky_relu,1.324241030216217,1.1863739252090455,51.955025000000006
0,"[139, 486, 152, 79, 61, 0, 0, 0, 0, 0]",0.005,adam,relu,0.1,lstm,230,tanh,0.1,linear,1.2197316884994507,1.1131507515907288,55.567009
1,"[139, 486, 152, 79, 61, 0, 0, 0, 0, 0]",0.005,adam,relu,0.1,lstm,230,tanh,0.1,relu,1.2197316884994507,1.1131507515907288,55.317691999999994
2,"[139, 486, 152, 79, 61, 0, 0, 0, 0, 0]",0.005,adam,relu,0.1,lstm,230,tanh,0.1,leaky_relu,1.2197316884994507,1.1131507515907288,52.51899
0,"[139, 486, 152, 79, 61, 0, 0, 0, 0, 0]",0.005,adam,relu,0.1,lstm,230,tanh,0.1,linear,1.3327537417411803,1.2148008227348328,47.152744
1,"[139, 486, 152, 79, 61, 0, 0, 0, 0, 0]",0.005,adam,relu,0.1,lstm,230,tanh,0.1,relu,1.3327537417411803,1.2148008227348328,47.944976
2,"[139, 486, 152, 79, 61, 0, 0, 0, 0, 0]",0.005,adam,relu,0.1,lstm,230,tanh,0.1,leaky_relu,1.3327537417411803,1.2148008227348328,48.962143000000005
0,"[139, 486, 152, 79, 61, 0, 0, 0, 0, 0]",0.005,adam,relu,0.1,lstm,230,tanh,0.1,linear,1.3709038734436034,1.272066020965576,55.686263999999994
1,"[139, 486, 152, 79, 61, 0, 0, 0, 0, 0]",0.005,adam,relu,0.1,lstm,230,tanh,0.1,relu,1.3709038734436034,1.272066020965576,54.108410000000006
2,"[139, 486, 152, 79, 61, 0, 0, 0, 0, 0]",0.005,adam,relu,0.1,lstm,230,tanh,0.1,leaky_relu,1.3709038734436034,1.272066020965576,58.593638
0,"[139, 486, 152, 79, 61, 0, 0, 0, 0, 0]",0.005,adam,relu,0.1,lstm,230,tanh,0.1,linear,1.274613130092621,1.169651997089386,53.010828999999994
1,"[139, 486, 152, 79, 61, 0, 0, 0, 0, 0]",0.005,adam,relu,0.1,lstm,230,tanh,0.1,relu,1.274613130092621,1.169651997089386,52.960961999999995
2,"[139, 486, 152, 79, 61, 0, 0, 0, 0, 0]",0.005,adam,relu,0.1,lstm,230,tanh,0.1,leaky_relu,1.274613130092621,1.169651997089386,51.881478
0,"[139, 486, 152, 79, 61, 0, 0, 0, 0, 0]",0.005,adam,relu,0.1,lstm,230,tanh,0.1,linear,1.2854519486427307,1.1678887605667114,52.527681
1,"[139, 486, 152, 79, 61, 0, 0, 0, 0, 0]",0.005,adam,relu,0.1,lstm,230,tanh,0.1,relu,1.2854519486427307,1.1678887605667114,53.434078
2,"[139, 486, 152, 79, 61, 0, 0, 0, 0, 0]",0.005,adam,relu,0.1,lstm,230,tanh,0.1,leaky_relu,1.2854519486427307,1.1678887605667114,51.524622
0,"[139, 486, 152, 79, 61, 0, 0, 0, 0, 0]",0.005,adam,relu,0.1,lstm,230,tanh,0.1,linear,1.2401571989059448,1.1511416912078858,59.139515
1,"[139, 486, 152, 79, 61, 0, 0, 0, 0, 0]",0.005,adam,relu,0.1,lstm,230,tanh,0.1,relu,1.2401571989059448,1.1511416912078858,59.913907
2,"[139, 486, 152, 79, 61, 0, 0, 0, 0, 0]",0.005,adam,relu,0.1,lstm,230,tanh,0.1,leaky_relu,1.2401571989059448,1.1511416912078858,59.776375
0,"[139, 486, 152, 79, 61, 0, 0, 0, 0, 0]",0.005,adam,relu,0.1,lstm,230,tanh,0.1,linear,1.3386889576911927,1.257301938533783,51.952258
1,"[139, 486, 152, 79, 61, 0, 0, 0, 0, 0]",0.005,adam,relu,0.1,lstm,230,tanh,0.1,relu,1.3386889576911927,1.257301938533783,52.605176
2,"[139, 486, 152, 79, 61, 0, 0, 0, 0, 0]",0.005,adam,relu,0.1,lstm,230,tanh,0.1,leaky_relu,1.3386889576911927,1.257301938533783,52.898868
0,"[139, 486, 152, 79, 61, 0, 0, 0, 0, 0]",0.005,adam,relu,0.1,lstm,230,tanh,0.1,linear,1.2968463897705078,1.1630448579788208,51.399114999999995
1,"[139, 486, 152, 79, 61, 0, 0, 0, 0, 0]",0.005,adam,relu,0.1,lstm,230,tanh,0.1,relu,1.2968463897705078,1.1630448579788208,59.12337600000001
2,"[139, 486, 152, 79, 61, 0, 0, 0, 0, 0]",0.005,adam,relu,0.1,lstm,230,tanh,0.1,leaky_relu,1.2968463897705078,1.1630448579788208,60.16485
0,"[139, 486, 152, 79, 61, 0, 0, 0, 0, 0]",0.005,adam,relu,0.1,lstm,230,tanh,0.1,linear,1.2187854170799255,1.1113129258155823,50.401676
1,"[139, 486, 152, 79, 61, 0, 0, 0, 0, 0]",0.005,adam,relu,0.1,lstm,230,tanh,0.1,relu,1.2187854170799255,1.1113129258155823,49.513470000000005
2,"[139, 486, 152, 79, 61, 0, 0, 0, 0, 0]",0.005,adam,relu,0.1,lstm,230,tanh,0.1,leaky_relu,1.2187854170799255,1.1113129258155823,48.915246999999994
0,"[139, 486, 152, 79, 61, 0, 0, 0, 0, 0]",0.005,adam,relu,0.1,lstm,230,tanh,0.1,linear,1.348225486278534,1.184808874130249,50.013802999999996
1,"[139, 486, 152, 79, 61, 0, 0, 0, 0, 0]",0.005,adam,relu,0.1,lstm,230,tanh,0.1,relu,1.348225486278534,1.184808874130249,51.44941
2,"[139, 486, 152, 79, 61, 0, 0, 0, 0, 0]",0.005,adam,relu,0.1,lstm,230,tanh,0.1,leaky_relu,1.348225486278534,1.184808874130249,53.213766
0,"[139, 486, 152, 79, 61, 0, 0, 0, 0, 0]",0.005,adam,relu,0.1,lstm,230,tanh,0.1,linear,1.2769538760185242,1.1836715579032897,56.368868
1,"[139, 486, 152, 79, 61, 0, 0, 0, 0, 0]",0.005,adam,relu,0.1,lstm,230,tanh,0.1,relu,1.2769538760185242,1.1836715579032897,57.167942999999994
2,"[139, 486, 152, 79, 61, 0, 0, 0, 0, 0]",0.005,adam,relu,0.1,lstm,230,tanh,0.1,leaky_relu,1.2769538760185242,1.1836715579032897,58.093320999999996
0,"[139, 486, 152, 79, 61, 0, 0, 0, 0, 0]",0.005,adam,relu,0.1,lstm,230,tanh,0.1,linear,1.2816869378089906,1.1569332361221314,52.833442
1,"[139, 486, 152, 79, 61, 0, 0, 0, 0, 0]",0.005,adam,relu,0.1,lstm,230,tanh,0.1,relu,1.2816869378089906,1.1569332361221314,55.650135
2,"[139, 486, 152, 79, 61, 0, 0, 0, 0, 0]",0.005,adam,relu,0.1,lstm,230,tanh,0.1,leaky_relu,1.2816869378089906,1.1569332361221314,54.047962999999996
0,"[139, 486, 152, 79, 61, 0, 0, 0, 0, 0]",0.005,adam,relu,0.1,lstm,230,tanh,0.1,linear,1.2514483094215394,1.1523624897003173,53.307548
1,"[139, 486, 152, 79, 61, 0, 0, 0, 0, 0]",0.005,adam,relu,0.1,lstm,230,tanh,0.1,relu,1.2514483094215394,1.1523624897003173,53.376622
2,"[139, 486, 152, 79, 61, 0, 0, 0, 0, 0]",0.005,adam,relu,0.1,lstm,230,tanh,0.1,leaky_relu,1.2514483094215394,1.1523624897003173,53.062071
0,"[139, 486, 152, 79, 61, 0, 0, 0, 0, 0]",0.005,adam,relu,0.1,lstm,230,tanh,0.1,linear,1.268860149383545,1.1672699570655822,58.672177999999995
1,"[139, 486, 152, 79, 61, 0, 0, 0, 0, 0]",0.005,adam,relu,0.1,lstm,230,tanh,0.1,relu,1.268860149383545,1.1672699570655822,59.68477800000001
2,"[139, 486, 152, 79, 61, 0, 0, 0, 0, 0]",0.005,adam,relu,0.1,lstm,230,tanh,0.1,leaky_relu,1.268860149383545,1.1672699570655822,60.526784
0,"[139, 486, 152, 79, 61, 0, 0, 0, 0, 0]",0.005,adam,relu,0.1,lstm,230,tanh,0.1,linear,1.2428500413894654,1.1413786172866822,52.638982999999996
1,"[139, 486, 152, 79, 61, 0, 0, 0, 0, 0]",0.005,adam,relu,0.1,lstm,230,tanh,0.1,relu,1.2428500413894654,1.1413786172866822,53.404585999999995
2,"[139, 486, 152, 79, 61, 0, 0, 0, 0, 0]",0.005,adam,relu,0.1,lstm,230,tanh,0.1,leaky_relu,1.2428500413894654,1.1413786172866822,54.224218
0,"[139, 486, 152, 79, 61, 0, 0, 0, 0, 0]",0.005,adam,relu,0.1,lstm,230,tanh,0.1,linear,1.1744123339653014,1.0795863389968872,55.864589
1,"[139, 486, 152, 79, 61, 0, 0, 0, 0, 0]",0.005,adam,relu,0.1,lstm,230,tanh,0.1,relu,1.1744123339653014,1.0795863389968872,55.809379
2,"[139, 486, 152, 79, 61, 0, 0, 0, 0, 0]",0.005,adam,relu,0.1,lstm,230,tanh,0.1,leaky_relu,1.1744123339653014,1.0795863389968872,55.848186
0,"[139, 486, 152, 79, 61, 0, 0, 0, 0, 0]",0.005,adam,relu,0.1,lstm,230,tanh,0.1,linear,1.2168601393699645,1.1367430210113525,54.39388
1,"[139, 486, 152, 79, 61, 0, 0, 0, 0, 0]",0.005,adam,relu,0.1,lstm,230,tanh,0.1,relu,1.2168601393699645,1.1367430210113525,55.469665000000006
2,"[139, 486, 152, 79, 61, 0, 0, 0, 0, 0]",0.005,adam,relu,0.1,lstm,230,tanh,0.1,leaky_relu,1.2168601393699645,1.1367430210113525,56.324592
0,"[139, 486, 152, 79, 61, 0, 0, 0, 0, 0]",0.005,adam,relu,0.1,lstm,230,tanh,0.1,linear,1.3134418964385985,1.1840109348297119,51.234165000000004
1,"[139, 486, 152, 79, 61, 0, 0, 0, 0, 0]",0.005,adam,relu,0.1,lstm,230,tanh,0.1,relu,1.3134418964385985,1.1840109348297119,51.805222
2,"[139, 486, 152, 79, 61, 0, 0, 0, 0, 0]",0.005,adam,relu,0.1,lstm,230,tanh,0.1,leaky_relu,1.3134418964385985,1.1840109348297119,51.803349
0,"[139, 486, 152, 79, 61, 0, 0, 0, 0, 0]",0.005,adam,relu,0.1,lstm,230,tanh,0.1,linear,1.2579664826393127,1.1389304757118226,47.068326000000006
1,"[139, 486, 152, 79, 61, 0, 0, 0, 0, 0]",0.005,adam,relu,0.1,lstm,230,tanh,0.1,relu,1.2579664826393127,1.1389304757118226,48.124416
2,"[139, 486, 152, 79, 61, 0, 0, 0, 0, 0]",0.005,adam,relu,0.1,lstm,230,tanh,0.1,leaky_relu,1.2579664826393127,1.1389304757118226,47.687117
0,"[139, 486, 152, 79, 61, 0, 0, 0, 0, 0]",0.005,adam,relu,0.1,lstm,230,tanh,0.1,linear,1.3086544275283813,1.1714083671569824,54.160314
1,"[139, 486, 152, 79, 61, 0, 0, 0, 0, 0]",0.005,adam,relu,0.1,lstm,230,tanh,0.1,relu,1.3086544275283813,1.1714083671569824,55.275980999999994
2,"[139, 486, 152, 79, 61, 0, 0, 0, 0, 0]",0.005,adam,relu,0.1,lstm,230,tanh,0.1,leaky_relu,1.3086544275283813,1.1714083671569824,59.564115
0,"[139, 486, 152, 79, 61, 0, 0, 0, 0, 0]",0.005,adam,relu,0.1,lstm,230,tanh,0.1,linear,1.294087553024292,1.148986041545868,57.555318
1,"[139, 486, 152, 79, 61, 0, 0, 0, 0, 0]",0.005,adam,relu,0.1,lstm,230,tanh,0.1,relu,1.294087553024292,1.148986041545868,56.009853
2,"[139, 486, 152, 79, 61, 0, 0, 0, 0, 0]",0.005,adam,relu,0.1,lstm,230,tanh,0.1,leaky_relu,1.294087553024292,1.148986041545868,54.839636
0,"[139, 486, 152, 79, 61, 0, 0, 0, 0, 0]",0.005,adam,relu,0.1,lstm,230,tanh,0.1,linear,1.188761055469513,1.0515774965286255,54.587577
1,"[139, 486, 152, 79, 61, 0, 0, 0, 0, 0]",0.005,adam,relu,0.1,lstm,230,tanh,0.1,relu,1.188761055469513,1.0515774965286255,55.260298999999996
2,"[139, 486, 152, 79, 61, 0, 0, 0, 0, 0]",0.005,adam,relu,0.1,lstm,230,tanh,0.1,leaky_relu,1.188761055469513,1.0515774965286255,55.269937
0,"[139, 486, 152, 79, 61, 0, 0, 0, 0, 0]",0.005,adam,relu,0.1,lstm,230,tanh,0.1,linear,1.2300011396408081,1.1357975482940674,54.70126
1,"[139, 486, 152, 79, 61, 0, 0, 0, 0, 0]",0.005,adam,relu,0.1,lstm,230,tanh,0.1,relu,1.2300011396408081,1.1357975482940674,55.511546
2,"[139, 486, 152, 79, 61, 0, 0, 0, 0, 0]",0.005,adam,relu,0.1,lstm,230,tanh,0.1,leaky_relu,1.2300011396408081,1.1357975482940674,54.204682999999996
0,"[139, 486, 152, 79, 61, 0, 0, 0, 0, 0]",0.005,adam,relu,0.1,lstm,230,tanh,0.1,linear,1.252012598514557,1.1446897864341736,57.036384
1,"[139, 486, 152, 79, 61, 0, 0, 0, 0, 0]",0.005,adam,relu,0.1,lstm,230,tanh,0.1,relu,1.252012598514557,1.1446897864341736,57.540363
2,"[139, 486, 152, 79, 61, 0, 0, 0, 0, 0]",0.005,adam,relu,0.1,lstm,230,tanh,0.1,leaky_relu,1.252012598514557,1.1446897864341736,58.63959899999999
0,"[139, 486, 152, 79, 61, 0, 0, 0, 0, 0]",0.005,adam,relu,0.1,lstm,230,tanh,0.1,linear,1.2948849678039551,1.1484573364257813,51.731597
1,"[139, 486, 152, 79, 61, 0, 0, 0, 0, 0]",0.005,adam,relu,0.1,lstm,230,tanh,0.1,relu,1.2948849678039551,1.1484573364257813,50.391003000000005
2,"[139, 486, 152, 79, 61, 0, 0, 0, 0, 0]",0.005,adam,relu,0.1,lstm,230,tanh,0.1,leaky_relu,1.2948849678039551,1.1484573364257813,53.427458
0,"[139, 486, 152, 79, 61, 0, 0, 0, 0, 0]",0.005,adam,relu,0.1,lstm,230,tanh,0.1,linear,1.2797667026519775,1.1672720789909363,46.947376000000006
1,"[139, 486, 152, 79, 61, 0, 0, 0, 0, 0]",0.005,adam,relu,0.1,lstm,230,tanh,0.1,relu,1.2797667026519775,1.1672720789909363,45.666208
2,"[139, 486, 152, 79, 61, 0, 0, 0, 0, 0]",0.005,adam,relu,0.1,lstm,230,tanh,0.1,leaky_relu,1.2797667026519775,1.1672720789909363,44.692838
0,"[139, 486, 152, 79, 61, 0, 0, 0, 0, 0]",0.005,adam,relu,0.1,lstm,230,tanh,0.1,linear,1.3193416118621826,1.203998601436615,54.037883
1,"[139, 486, 152, 79, 61, 0, 0, 0, 0, 0]",0.005,adam,relu,0.1,lstm,230,tanh,0.1,relu,1.3193416118621826,1.203998601436615,53.209288
2,"[139, 486, 152, 79, 61, 0, 0, 0, 0, 0]",0.005,adam,relu,0.1,lstm,230,tanh,0.1,leaky_relu,1.3193416118621826,1.203998601436615,53.333811
0,"[139, 486, 152, 79, 61, 0, 0, 0, 0, 0]",0.005,adam,relu,0.1,lstm,230,tanh,0.1,linear,1.2866584420204163,1.1597888350486756,53.410849
1,"[139, 486, 152, 79, 61, 0, 0, 0, 0, 0]",0.005,adam,relu,0.1,lstm,230,tanh,0.1,relu,1.2866584420204163,1.1597888350486756,54.67795400000001
2,"[139, 486, 152, 79, 61, 0, 0, 0, 0, 0]",0.005,adam,relu,0.1,lstm,230,tanh,0.1,leaky_relu,1.2866584420204163,1.1597888350486756,54.339554
0,"[139, 486, 152, 79, 61, 0, 0, 0, 0, 0]",0.005,adam,relu,0.1,lstm,230,tanh,0.1,linear,1.249761438369751,1.1426474690437316,50.869386
1,"[139, 486, 152, 79, 61, 0, 0, 0, 0, 0]",0.005,adam,relu,0.1,lstm,230,tanh,0.1,relu,1.249761438369751,1.1426474690437316,51.106542000000005
2,"[139, 486, 152, 79, 61, 0, 0, 0, 0, 0]",0.005,adam,relu,0.1,lstm,230,tanh,0.1,leaky_relu,1.249761438369751,1.1426474690437316,50.76088
0,"[139, 486, 152, 79, 61, 0, 0, 0, 0, 0]",0.005,adam,relu,0.1,lstm,230,tanh,0.1,linear,1.2234562635421753,1.094354021549225,52.844244999999994
1,"[139, 486, 152, 79, 61, 0, 0, 0, 0, 0]",0.005,adam,relu,0.1,lstm,230,tanh,0.1,relu,1.2234562635421753,1.094354021549225,55.015424
2,"[139, 486, 152, 79, 61, 0, 0, 0, 0, 0]",0.005,adam,relu,0.1,lstm,230,tanh,0.1,leaky_relu,1.2234562635421753,1.094354021549225,53.911147
0,"[139, 486, 152, 79, 61, 0, 0, 0, 0, 0]",0.005,adam,relu,0.1,lstm,230,tanh,0.1,linear,1.307343101501465,1.17567036151886,53.130621
1,"[139, 486, 152, 79, 61, 0, 0, 0, 0, 0]",0.005,adam,relu,0.1,lstm,230,tanh,0.1,relu,1.307343101501465,1.17567036151886,53.520922
2,"[139, 486, 152, 79, 61, 0, 0, 0, 0, 0]",0.005,adam,relu,0.1,lstm,230,tanh,0.1,leaky_relu,1.307343101501465,1.17567036151886,53.059332
0,"[139, 486, 152, 79, 61, 0, 0, 0, 0, 0]",0.005,adam,relu,0.1,lstm,230,tanh,0.1,linear,1.2928082585334777,1.171695637702942,52.00141
1,"[139, 486, 152, 79, 61, 0, 0, 0, 0, 0]",0.005,adam,relu,0.1,lstm,230,tanh,0.1,relu,1.2928082585334777,1.171695637702942,53.997511
2,"[139, 486, 152, 79, 61, 0, 0, 0, 0, 0]",0.005,adam,relu,0.1,lstm,230,tanh,0.1,leaky_relu,1.2928082585334777,1.171695637702942,53.072012
0,"[139, 486, 152, 79, 61, 0, 0, 0, 0, 0]",0.005,adam,relu,0.1,lstm,230,tanh,0.1,linear,1.1622671604156494,1.058695089817047,56.552741
1,"[139, 486, 152, 79, 61, 0, 0, 0, 0, 0]",0.005,adam,relu,0.1,lstm,230,tanh,0.1,relu,1.1622671604156494,1.058695089817047,56.89972
2,"[139, 486, 152, 79, 61, 0, 0, 0, 0, 0]",0.005,adam,relu,0.1,lstm,230,tanh,0.1,leaky_relu,1.1622671604156494,1.058695089817047,57.495378
0,"[139, 486, 152, 79, 61, 0, 0, 0, 0, 0]",0.005,adam,relu,0.1,lstm,230,tanh,0.1,linear,1.2722030282020569,1.1486823320388795,52.774910000000006
1,"[139, 486, 152, 79, 61, 0, 0, 0, 0, 0]",0.005,adam,relu,0.1,lstm,230,tanh,0.1,relu,1.2722030282020569,1.1486823320388795,52.45416399999999
2,"[139, 486, 152, 79, 61, 0, 0, 0, 0, 0]",0.005,adam,relu,0.1,lstm,230,tanh,0.1,leaky_relu,1.2722030282020569,1.1486823320388795,50.328723
0,"[139, 486, 152, 79, 61, 0, 0, 0, 0, 0]",0.005,adam,relu,0.1,lstm,230,tanh,0.1,linear,1.281243133544922,1.1751973628997803,54.703288
1,"[139, 486, 152, 79, 61, 0, 0, 0, 0, 0]",0.005,adam,relu,0.1,lstm,230,tanh,0.1,relu,1.281243133544922,1.1751973628997803,55.278992
2,"[139, 486, 152, 79, 61, 0, 0, 0, 0, 0]",0.005,adam,relu,0.1,lstm,230,tanh,0.1,leaky_relu,1.281243133544922,1.1751973628997803,59.698533999999995
0,"[139, 486, 152, 79, 61, 0, 0, 0, 0, 0]",0.005,adam,relu,0.1,lstm,230,tanh,0.1,linear,1.2622985601425172,1.1894928455352782,48.936845
1,"[139, 486, 152, 79, 61, 0, 0, 0, 0, 0]",0.005,adam,relu,0.1,lstm,230,tanh,0.1,relu,1.2622985601425172,1.1894928455352782,48.002285
2,"[139, 486, 152, 79, 61, 0, 0, 0, 0, 0]",0.005,adam,relu,0.1,lstm,230,tanh,0.1,leaky_relu,1.2622985601425172,1.1894928455352782,48.814043999999996
0,"[139, 486, 152, 79, 61, 0, 0, 0, 0, 0]",0.005,adam,relu,0.1,lstm,230,tanh,0.1,linear,1.2834271669387818,1.2001991987228393,50.757776
1,"[139, 486, 152, 79, 61, 0, 0, 0, 0, 0]",0.005,adam,relu,0.1,lstm,230,tanh,0.1,relu,1.2834271669387818,1.2001991987228393,51.295244000000004
2,"[139, 486, 152, 79, 61, 0, 0, 0, 0, 0]",0.005,adam,relu,0.1,lstm,230,tanh,0.1,leaky_relu,1.2834271669387818,1.2001991987228393,51.292323999999994
0,"[139, 486, 152, 79, 61, 0, 0, 0, 0, 0]",0.005,adam,relu,0.1,lstm,230,tanh,0.1,linear,1.3304973244667053,1.2172329306602478,52.486722
1,"[139, 486, 152, 79, 61, 0, 0, 0, 0, 0]",0.005,adam,relu,0.1,lstm,230,tanh,0.1,relu,1.3304973244667053,1.2172329306602478,52.3782
2,"[139, 486, 152, 79, 61, 0, 0, 0, 0, 0]",0.005,adam,relu,0.1,lstm,230,tanh,0.1,leaky_relu,1.3304973244667053,1.2172329306602478,53.184206
0,"[139, 486, 152, 79, 61, 0, 0, 0, 0, 0]",0.005,adam,relu,0.1,lstm,230,tanh,0.1,linear,1.2600757479667664,1.163392388820648,58.409594
1,"[139, 486, 152, 79, 61, 0, 0, 0, 0, 0]",0.005,adam,relu,0.1,lstm,230,tanh,0.1,relu,1.2600757479667664,1.163392388820648,56.765274
2,"[139, 486, 152, 79, 61, 0, 0, 0, 0, 0]",0.005,adam,relu,0.1,lstm,230,tanh,0.1,leaky_relu,1.2600757479667664,1.163392388820648,58.971648
0,"[139, 486, 152, 79, 61, 0, 0, 0, 0, 0]",0.005,adam,relu,0.1,lstm,230,tanh,0.1,linear,1.3217175126075744,1.1900871634483337,49.55563
1,"[139, 486, 152, 79, 61, 0, 0, 0, 0, 0]",0.005,adam,relu,0.1,lstm,230,tanh,0.1,relu,1.3217175126075744,1.1900871634483337,49.313655
2,"[139, 486, 152, 79, 61, 0, 0, 0, 0, 0]",0.005,adam,relu,0.1,lstm,230,tanh,0.1,leaky_relu,1.3217175126075744,1.1900871634483337,48.69042499999999
0,"[139, 486, 152, 79, 61, 0, 0, 0, 0, 0]",0.005,adam,relu,0.1,lstm,230,tanh,0.1,linear,1.3222864747047425,1.169118082523346,53.454685999999995
1,"[139, 486, 152, 79, 61, 0, 0, 0, 0, 0]",0.005,adam,relu,0.1,lstm,230,tanh,0.1,relu,1.3222864747047425,1.169118082523346,54.890231
2,"[139, 486, 152, 79, 61, 0, 0, 0, 0, 0]",0.005,adam,relu,0.1,lstm,230,tanh,0.1,leaky_relu,1.3222864747047425,1.169118082523346,54.74615
0,"[139, 486, 152, 79, 61, 0, 0, 0, 0, 0]",0.005,adam,relu,0.1,lstm,230,tanh,0.1,linear,1.3052863597869873,1.212529718875885,52.708932
1,"[139, 486, 152, 79, 61, 0, 0, 0, 0, 0]",0.005,adam,relu,0.1,lstm,230,tanh,0.1,relu,1.3052863597869873,1.212529718875885,53.566652
2,"[139, 486, 152, 79, 61, 0, 0, 0, 0, 0]",0.005,adam,relu,0.1,lstm,230,tanh,0.1,leaky_relu,1.3052863597869873,1.212529718875885,52.434022999999996
0,"[139, 486, 152, 79, 61, 0, 0, 0, 0, 0]",0.005,adam,relu,0.1,lstm,230,tanh,0.1,linear,1.2871813535690309,1.1566203951835632,45.356308
1,"[139, 486, 152, 79, 61, 0, 0, 0, 0, 0]",0.005,adam,relu,0.1,lstm,230,tanh,0.1,relu,1.2871813535690309,1.1566203951835632,47.136837
2,"[139, 486, 152, 79, 61, 0, 0, 0, 0, 0]",0.005,adam,relu,0.1,lstm,230,tanh,0.1,leaky_relu,1.2871813535690309,1.1566203951835632,48.263315
0,"[139, 486, 152, 79, 61, 0, 0, 0, 0, 0]",0.005,adam,relu,0.1,lstm,230,tanh,0.1,linear,1.2493948459625244,1.1268102526664734,58.241597999999996
1,"[139, 486, 152, 79, 61, 0, 0, 0, 0, 0]",0.005,adam,relu,0.1,lstm,230,tanh,0.1,relu,1.2493948459625244,1.1268102526664734,59.198286
2,"[139, 486, 152, 79, 61, 0, 0, 0, 0, 0]",0.005,adam,relu,0.1,lstm,230,tanh,0.1,leaky_relu,1.2493948459625244,1.1268102526664734,57.443313
0,"[139, 486, 152, 79, 61, 0, 0, 0, 0, 0]",0.005,adam,relu,0.1,lstm,230,tanh,0.1,linear,1.2469433546066284,1.1346245884895325,51.090096
1,"[139, 486, 152, 79, 61, 0, 0, 0, 0, 0]",0.005,adam,relu,0.1,lstm,230,tanh,0.1,relu,1.2469433546066284,1.1346245884895325,53.401675
2,"[139, 486, 152, 79, 61, 0, 0, 0, 0, 0]",0.005,adam,relu,0.1,lstm,230,tanh,0.1,leaky_relu,1.2469433546066284,1.1346245884895325,51.481501
