iteration,seed,activation,rnn_activation,last_perf,min_perf,time
in,in,in,in,out,out,out
int,float,str,str,float,float,float
0,655383241,relu,tanh,1.319871199,1.211354589,52.768675
1,655383241,relu,relu,1.265071034,1.13410989,51.994238
2,655383241,leaky_relu,tanh,1.248618472,1.112615836,51.835972
3,655383241,leaky_relu,relu,1.33219775,1.253243291,54.62005
0,2408250209,relu,tanh,1.320249856,1.194944334,51.461963
1,2408250209,relu,relu,1.334191751,1.191533947,58.556723
2,2408250209,leaky_relu,tanh,1.244539309,1.138498759,53.058144
3,2408250209,leaky_relu,relu,1.32911309,1.233177471,58.128327
0,2987121941,relu,tanh,1.281473279,1.187008679,55.566311
1,2987121941,relu,relu,1.316500068,1.182603776,50.206665
2,2987121941,leaky_relu,tanh,1.243449509,1.133978796,53.955003
3,2987121941,leaky_relu,relu,2.28166697,2.159232259,51.204632
0,976473194,relu,tanh,1.168449521,1.099219072,61.199982
1,976473194,relu,relu,1.2931023,1.167426729,54.288347
2,976473194,leaky_relu,tanh,1.2999789,1.231669486,52.278177
3,976473194,leaky_relu,relu,1.321339417,1.206758571,48.237589
0,3358642096,relu,tanh,1.311677241,1.18899169,51.16457
1,3358642096,relu,relu,1.268719578,1.133132267,48.859145
2,3358642096,leaky_relu,tanh,1.231062329,1.125739515,44.799035
3,3358642096,leaky_relu,relu,1.281313789,1.207086551,52.885637
0,2673030466,relu,tanh,1.318170059,1.210272574,47.009883
1,2673030466,relu,relu,1.327889466,1.179479539,45.304438
2,2673030466,leaky_relu,tanh,1.266552734,1.175663352,45.366029
3,2673030466,leaky_relu,relu,2.414792871,2.015946472,48.351339
0,1675948680,relu,tanh,1.286875105,1.195266712,48.96235
1,1675948680,relu,relu,1.295173788,1.176069117,46.531171
2,1675948680,leaky_relu,tanh,1.231527746,1.120276511,47.566915
3,1675948680,leaky_relu,relu,2.100703478,1.993363428,45.270113
0,3750562056,relu,tanh,1.309637809,1.169087088,50.52139
1,3750562056,relu,relu,2.665452099,2.402254975,45.205227
2,3750562056,leaky_relu,tanh,1.264878535,1.127177954,46.070087
3,3750562056,leaky_relu,relu,2.806500888,1.89648267,45.086386
0,3807881301,relu,tanh,1.250297487,1.131890905,47.908388
1,3807881301,relu,relu,1.310147631,1.221288753,48.90099
2,3807881301,leaky_relu,tanh,1.275015819,1.197805583,46.921273
3,3807881301,leaky_relu,relu,1.318657279,1.195253634,45.826948
0,1894657154,relu,tanh,1.256900907,1.164480186,47.378764
1,1894657154,relu,relu,1.351492059,1.203727365,44.294644
2,1894657154,leaky_relu,tanh,1.226882589,1.101995707,48.312295
3,1894657154,leaky_relu,relu,1.316548371,1.180987549,44.970594
0,4282872790,relu,tanh,1.226779366,1.097485328,48.204092
1,4282872790,relu,relu,1.344524372,1.21424619,47.158769
2,4282872790,leaky_relu,tanh,1.265498078,1.160508394,46.713441
3,4282872790,leaky_relu,relu,1.263486874,1.17572813,47.022875
0,1880323953,relu,tanh,1.270803535,1.152765143,46.638461
1,1880323953,relu,relu,1.239573467,1.093766963,45.974399
2,1880323953,leaky_relu,tanh,1.30305934,1.181263137,46.540411
3,1880323953,leaky_relu,relu,3.277590728,2.49407506,45.734818
0,29871609,relu,tanh,1.272004175,1.159931529,48.558764
1,29871609,relu,relu,1.306220984,1.193361557,45.298772
2,29871609,leaky_relu,tanh,1.276262689,1.170022058,45.815295
3,29871609,leaky_relu,relu,1.29055872,1.176062787,45.359229
0,3449405294,relu,tanh,1.312381339,1.151109242,47.296299
1,3449405294,relu,relu,1.296880567,1.192400002,52.012744
2,3449405294,leaky_relu,tanh,2.169921875,1.620485198,43.051612
3,3449405294,leaky_relu,relu,1.292691672,1.209064949,45.214153
0,2061837060,relu,tanh,1.303505671,1.175172114,46.497041
1,2061837060,relu,relu,1.373419333,1.292748094,47.607705
2,2061837060,leaky_relu,tanh,1.25470717,1.162667131,51.494888
3,2061837060,leaky_relu,relu,1.91840471,1.547447646,47.319885
0,682247027,relu,tanh,1.264037097,1.162734771,45.756553
1,682247027,relu,relu,1.277771926,1.202001011,48.766198
2,682247027,leaky_relu,tanh,1.250038064,1.153848433,48.939955
3,682247027,leaky_relu,relu,1.87291522,1.655427551,56.611935
0,430054409,relu,tanh,1.249965322,1.155659974,46.590809
1,430054409,relu,relu,1.310613072,1.161509645,48.467425
2,430054409,leaky_relu,tanh,1.232571375,1.105510974,50.904039
3,430054409,leaky_relu,relu,2.939123106,2.017837214,51.1158
0,3567245337,relu,tanh,1.376550341,1.217489791,46.386249
1,3567245337,relu,relu,1.329982877,1.182055783,50.013187
2,3567245337,leaky_relu,tanh,1.232685101,1.084434736,45.892902
3,3567245337,leaky_relu,relu,2.745376086,1.983169627,44.87166
0,2403853534,relu,tanh,1.295837951,1.19018364,47.707656
1,2403853534,relu,relu,1.285758507,1.181344151,48.549764
2,2403853534,leaky_relu,tanh,1.254034126,1.115197778,48.421639
3,2403853534,leaky_relu,relu,1.27781533,1.137264907,48.667205
0,2878163534,relu,tanh,1.289043474,1.191833961,47.754763
1,2878163534,relu,relu,1.306627178,1.213277507,45.558905
2,2878163534,leaky_relu,tanh,1.299890208,1.169131541,45.440015
3,2878163534,leaky_relu,relu,1.284917271,1.195927298,44.37593
0,1945180724,relu,tanh,1.253027713,1.158297193,47.960078
1,1945180724,relu,relu,1.297526157,1.17970196,48.19516
2,1945180724,leaky_relu,tanh,1.307439089,1.188822579,45.074831
3,1945180724,leaky_relu,relu,1.318271637,1.248726892,47.59028
0,2687272353,relu,tanh,1.206796455,1.118572259,48.132093
1,2687272353,relu,relu,2.033259094,1.88632648,46.615259
2,2687272353,leaky_relu,tanh,1.248811758,1.124203265,48.136147
3,2687272353,leaky_relu,relu,1.269613838,1.173856199,46.054706
0,2050723054,relu,tanh,1.257847619,1.145069194,47.29985
1,2050723054,relu,relu,1.238160586,1.141470301,47.125077
2,2050723054,leaky_relu,tanh,1.217511749,1.145407844,47.390985
3,2050723054,leaky_relu,relu,1.289153337,1.163660765,48.296606
0,1579232540,relu,tanh,1.257083762,1.108915234,50.854008
1,1579232540,relu,relu,1.28865869,1.195547688,47.712069
2,1579232540,leaky_relu,tanh,1.247261608,1.129038203,46.405668
3,1579232540,leaky_relu,relu,1.300621831,1.208758426,49.713
0,3787196546,relu,tanh,1.290404308,1.185060322,47.320058
1,3787196546,relu,relu,1.324891937,1.156888735,47.761086
2,3787196546,leaky_relu,tanh,1.235368907,1.142168713,47.483873
3,3787196546,leaky_relu,relu,1.31055001,1.1983513,46.414672
0,3443761992,relu,tanh,1.187754846,1.065887463,48.118687
1,3443761992,relu,relu,1.35479852,1.239900088,45.711335
2,3443761992,leaky_relu,tanh,1.317457438,1.168834662,45.120741
3,3443761992,leaky_relu,relu,1.331709802,1.19331758,45.335643
0,4051947817,relu,tanh,1.302222323,1.197829926,49.076904
1,4051947817,relu,relu,1.293797779,1.182671225,45.692328
2,4051947817,leaky_relu,tanh,1.278967285,1.158662522,44.817524
3,4051947817,leaky_relu,relu,1.309741712,1.20951221,48.240938
0,3500626829,relu,tanh,1.302433884,1.148580694,48.491037
1,3500626829,relu,relu,1.356116617,1.236382663,53.081876
2,3500626829,leaky_relu,tanh,1.275645053,1.159488952,48.777506
3,3500626829,leaky_relu,relu,4.240617609,2.256563509,42.972868
0,3957476614,relu,tanh,1.227496254,1.144886029,51.257843
1,3957476614,relu,relu,1.349273622,1.221542287,42.818514
2,3957476614,leaky_relu,tanh,1.227417624,1.079688275,44.978703
3,3957476614,leaky_relu,relu,1.303139198,1.187375271,47.1853
0,421750690,relu,tanh,1.228689444,1.121306705,45.656297
1,421750690,relu,relu,1.321935487,1.188250601,47.367535
2,421750690,leaky_relu,tanh,1.294510114,1.171675766,46.241446
3,421750690,leaky_relu,relu,2.650756764,1.941254604,47.008333
0,437408983,relu,tanh,1.177316773,1.116991758,50.936747
1,437408983,relu,relu,1.310123301,1.169195068,47.486315
2,437408983,leaky_relu,tanh,1.273647475,1.162734044,46.593554
3,437408983,leaky_relu,relu,2.32206254,2.218947005,45.654023
0,26133354,relu,tanh,1.28652612,1.140914571,48.487908
1,26133354,relu,relu,1.337926686,1.199357522,46.188681
2,26133354,leaky_relu,tanh,1.273148406,1.14717474,47.899485
3,26133354,leaky_relu,relu,3.372439051,2.43420831,47.407914
0,2090014370,relu,tanh,1.312281954,1.217866325,49.491122
1,2090014370,relu,relu,1.368541718,1.247402418,46.106678
2,2090014370,leaky_relu,tanh,1.241389251,1.105994499,45.706434
3,2090014370,leaky_relu,relu,3.966896319,2.709230804,43.866541
0,81487196,relu,tanh,1.281389153,1.194621253,56.680098
1,81487196,relu,relu,1.31467483,1.18250773,47.521146
2,81487196,leaky_relu,tanh,1.237362695,1.078769553,46.846171
3,81487196,leaky_relu,relu,1.337003779,1.207474875,45.113715
0,2437131543,relu,tanh,1.254351103,1.120410144,46.805206
1,2437131543,relu,relu,1.294919384,1.210719216,45.558494
2,2437131543,leaky_relu,tanh,1.249916494,1.131882286,46.369302
3,2437131543,leaky_relu,relu,1.291555929,1.147927272,47.528411
0,3353632819,relu,tanh,1.296510303,1.152226841,49.973574
1,3353632819,relu,relu,1.327421176,1.195628083,54.079425
2,3353632819,leaky_relu,tanh,1.273263109,1.133138204,46.307649
3,3353632819,leaky_relu,relu,1.347033286,1.211763299,55.339844
0,348010993,relu,tanh,1.316448438,1.18357836,48.321109
1,348010993,relu,relu,1.302995849,1.196107829,45.861341
2,348010993,leaky_relu,tanh,1.254743052,1.135068643,45.889613
3,348010993,leaky_relu,relu,1.262179971,1.163969624,51.14051
0,908301479,relu,tanh,1.202071452,1.059876883,49.670967
1,908301479,relu,relu,1.315837026,1.208359134,46.701825
2,908301479,leaky_relu,tanh,1.27176739,1.144036961,46.485813
3,908301479,leaky_relu,relu,2.569802523,2.224321914,47.501595
0,1871743066,relu,tanh,1.284131825,1.146336293,48.37856
1,1871743066,relu,relu,1.30878191,1.181255043,45.99836
2,1871743066,leaky_relu,tanh,1.855598533,1.630390525,43.268601
3,1871743066,leaky_relu,relu,1.302061725,1.195223331,48.806811
0,2645329104,relu,tanh,1.308512831,1.186377883,48.693028
1,2645329104,relu,relu,1.214168096,1.075742519,49.371323
2,2645329104,leaky_relu,tanh,1.248197055,1.132104778,49.143344
3,2645329104,leaky_relu,relu,2.169681597,1.990345442,45.1487
0,3076540842,relu,tanh,1.283258295,1.170434511,45.855253
1,3076540842,relu,relu,1.364588571,1.152590442,46.959876
2,3076540842,leaky_relu,tanh,1.261427546,1.160370612,45.954245
3,3076540842,leaky_relu,relu,4.281397951,2.32508074,46.627757
0,3570987727,relu,tanh,1.293416739,1.123709035,49.485219
1,3570987727,relu,relu,1.309673369,1.206510317,47.476917
2,3570987727,leaky_relu,tanh,1.235839212,1.11073482,47.73318
3,3570987727,leaky_relu,relu,2.08574909,1.747694945,48.312809
0,664590104,relu,tanh,1.261955833,1.142887318,45.052462
1,664590104,relu,relu,1.292397177,1.164233148,45.73
2,664590104,leaky_relu,tanh,1.300673187,1.157180107,46.043916
3,664590104,leaky_relu,relu,1.330757868,1.230123651,49.270499
0,1913922619,relu,tanh,1.159938323,1.091959143,52.885438
1,1913922619,relu,relu,1.306066346,1.194740641,44.369964
2,1913922619,leaky_relu,tanh,1.215941763,1.123875082,48.480923
3,1913922619,leaky_relu,relu,1.298983312,1.204966617,45.920899
0,4136930037,relu,tanh,1.24988817,1.204349995,49.649626
1,4136930037,relu,relu,1.347561979,1.225752878,45.085392
2,4136930037,leaky_relu,tanh,1.298754668,1.183420563,43.886436
3,4136930037,leaky_relu,relu,1.339207387,1.209980857,48.223082
0,564679016,relu,tanh,1.227876079,1.128226101,49.052448
1,564679016,relu,relu,1.343006575,1.239575374,45.564525
2,564679016,leaky_relu,tanh,1.266323102,1.161756289,45.284011
3,564679016,leaky_relu,relu,2.175410438,2.036162508,47.404791
0,270398028,relu,tanh,1.240441525,1.16362747,53.041847
1,270398028,relu,relu,1.259836864,1.169897187,50.614324
2,270398028,leaky_relu,tanh,1.245842648,1.127997506,45.822186
3,270398028,leaky_relu,relu,1.265763867,1.145966315,47.660059
0,2714183118,relu,tanh,1.197174776,1.087960535,50.508105
1,2714183118,relu,relu,1.266602969,1.172934425,47.903996
2,2714183118,leaky_relu,tanh,1.235220516,1.133165157,47.555383
3,2714183118,leaky_relu,relu,1.238888741,1.134689045,47.1983
0,1219285400,relu,tanh,1.203578269,1.116855836,47.180426
1,1219285400,relu,relu,1.372469699,1.242637587,45.648608
2,1219285400,leaky_relu,tanh,1.215057814,1.089275157,50.857442
3,1219285400,leaky_relu,relu,3.489481235,1.931157112,45.808584
0,3770400930,relu,tanh,1.315747917,1.241855943,47.769981
1,3770400930,relu,relu,1.284193075,1.138746417,46.445267
2,3770400930,leaky_relu,tanh,1.332063293,1.198307323,45.311239
3,3770400930,leaky_relu,relu,1.394519114,1.291350555,53.01809
0,2922776555,relu,tanh,1.225799727,1.134970272,50.49293
1,2922776555,relu,relu,1.324132919,1.240338123,49.21228
2,2922776555,leaky_relu,tanh,1.197978258,1.097018361,46.91472
3,2922776555,leaky_relu,relu,1.287599778,1.186375463,48.454965
0,1356477331,relu,tanh,1.279333103,1.161270809,45.294442
1,1356477331,relu,relu,1.329873443,1.198446298,49.653324
2,1356477331,leaky_relu,tanh,1.285984921,1.171171653,48.737912
3,1356477331,leaky_relu,relu,4.251171863,2.643799615,44.370249
0,2111217140,relu,tanh,1.333226144,1.223248518,48.671139
1,2111217140,relu,relu,1.384370065,1.26151613,45.053027
2,2111217140,leaky_relu,tanh,1.204747331,1.090961194,49.369809
3,2111217140,leaky_relu,relu,4.049687803,2.096641839,45.404758
0,3677076272,relu,tanh,1.191373515,1.097345281,52.861882
1,3677076272,relu,relu,1.338604116,1.208088589,46.454169
2,3677076272,leaky_relu,tanh,1.240446424,1.141249096,50.115879
3,3677076272,leaky_relu,relu,2.840048635,1.716006064,50.815068
0,1902348273,relu,tanh,1.686728525,1.582471418,97.324921
1,1902348273,relu,relu,1.296436238,1.186714971,48.304257
2,1902348273,leaky_relu,tanh,1.253945804,1.150713027,47.6425
3,1902348273,leaky_relu,relu,1.282344592,1.157938337,46.359561
0,5969378,relu,tanh,1.306458688,1.192205274,48.306294
1,5969378,relu,relu,1.359135044,1.177808011,46.164597
2,5969378,leaky_relu,tanh,1.280621409,1.159959602,48.757835
3,5969378,leaky_relu,relu,1.287800467,1.187273538,49.564371
0,3545796768,relu,tanh,1.340967882,1.218404663,46.963231
1,3545796768,relu,relu,1.331762671,1.188252985,47.250296
2,3545796768,leaky_relu,tanh,1.234313703,1.137216711,47.656251
3,3545796768,leaky_relu,relu,1.26713711,1.138125551,46.772112
0,4210570680,relu,tanh,1.344935763,1.253670108,48.485015
1,4210570680,relu,relu,1.355646479,1.221765912,48.181958
2,4210570680,leaky_relu,tanh,1.294694984,1.160778487,45.125031
3,4210570680,leaky_relu,relu,6.693780279,2.827576804,42.055185
0,2029735285,relu,tanh,1.254065704,1.110124314,51.306691
1,2029735285,relu,relu,1.301444542,1.198340714,48.790286
2,2029735285,leaky_relu,tanh,1.259278607,1.124559855,46.26681
3,2029735285,leaky_relu,relu,2.639382768,1.681007469,47.681207
0,1828303708,relu,tanh,1.259388864,1.172853374,53.581766
1,1828303708,relu,relu,1.381953704,1.266677916,49.341094
2,1828303708,leaky_relu,tanh,1.288400924,1.196751451,47.553417
3,1828303708,leaky_relu,relu,1.891858757,1.481291282,44.025942
0,4106956091,relu,tanh,1.313769722,1.198743069,49.054974
1,4106956091,relu,relu,1.310082531,1.174896753,45.588812
2,4106956091,leaky_relu,tanh,1.252015817,1.154008281,49.821636
3,4106956091,leaky_relu,relu,1.313126266,1.229610133,47.938199
0,2949983250,relu,tanh,1.327429259,1.220516849,49.80337
1,2949983250,relu,relu,1.278981531,1.195178199,47.688595
2,2949983250,leaky_relu,tanh,1.216623437,1.144498825,48.608808
3,2949983250,leaky_relu,relu,1.28169843,1.185240257,47.852597
0,2348259494,relu,tanh,1.224827158,1.108999693,48.927239
1,2348259494,relu,relu,1.317245209,1.193503487,45.933821
2,2348259494,leaky_relu,tanh,1.218453014,1.091436696,50.432383
3,2348259494,leaky_relu,relu,1.318372309,1.220091975,47.462597
0,2819601971,relu,tanh,1.255891168,1.174412882,46.997658
1,2819601971,relu,relu,1.316682005,1.195820904,48.11405
2,2819601971,leaky_relu,tanh,1.258174264,1.180649006,45.706537
3,2819601971,leaky_relu,relu,6.230709136,3.642698455,41.479974
0,16646388,relu,tanh,1.250212252,1.144104958,48.232174
1,16646388,relu,relu,1.302056074,1.243869734,50.920732
2,16646388,leaky_relu,tanh,1.273195755,1.155662644,47.691326
3,16646388,leaky_relu,relu,4.448269463,2.115643358,43.905828
0,1739884014,relu,tanh,1.191717815,1.114065611,48.518875
1,1739884014,relu,relu,1.367803085,1.216220081,45.948618
2,1739884014,leaky_relu,tanh,1.282355773,1.165792167,46.193832
3,1739884014,leaky_relu,relu,3.494318986,2.544024765,45.692558
0,4183268036,relu,tanh,1.287125695,1.141631842,48.369484
1,4183268036,relu,relu,1.327666414,1.252291882,48.362865
2,4183268036,leaky_relu,tanh,1.292820585,1.172740567,46.179239
3,4183268036,leaky_relu,relu,1.27010355,1.169078386,45.5429
0,121719573,relu,tanh,1.293735206,1.175403821,46.415137
1,121719573,relu,relu,1.312404513,1.167160261,46.308235
2,121719573,leaky_relu,tanh,1.353994155,1.225933433,44.335421
3,121719573,leaky_relu,relu,1.261727393,1.146473503,76.387417
0,1898880189,relu,tanh,1.353451514,1.223775971,48.150855
1,1898880189,relu,relu,1.343366861,1.225672352,55.271984
2,1898880189,leaky_relu,tanh,1.276617324,1.170652533,48.426281
3,1898880189,leaky_relu,relu,1.335080171,1.196961558,46.283113
0,705195401,relu,tanh,1.291760969,1.165203714,49.252981
1,705195401,relu,relu,1.30095005,1.21464051,50.455888
2,705195401,leaky_relu,tanh,1.294033909,1.157023311,45.887423
3,705195401,leaky_relu,relu,3.061661828,1.616491878,47.682425
0,4188951463,relu,tanh,1.2524459,1.15659281,49.640291
1,4188951463,relu,relu,1.262427342,1.16609025,47.919688
2,4188951463,leaky_relu,tanh,1.230683529,1.116742861,48.580825
3,4188951463,leaky_relu,relu,1.317774129,1.226453674,44.507664
0,2187525953,relu,tanh,1.284751034,1.176699412,47.950045
1,2187525953,relu,relu,1.333225644,1.198960686,47.983495
2,2187525953,leaky_relu,tanh,1.153925061,1.047735536,53.238802
3,2187525953,leaky_relu,relu,1.302494013,1.20033021,46.601314
0,2926983137,relu,tanh,1.189297831,1.077437592,49.731738
1,2926983137,relu,relu,1.300310338,1.176036859,47.57946
2,2926983137,leaky_relu,tanh,1.241473317,1.12192688,49.570761
3,2926983137,leaky_relu,relu,1.320750988,1.21178422,46.558375
0,1601969667,relu,tanh,1.252965713,1.135724533,47.574702
1,1601969667,relu,relu,1.320638239,1.181580949,46.190872
2,1601969667,leaky_relu,tanh,1.264672244,1.15644933,47.169164
3,1601969667,leaky_relu,relu,1.299024916,1.173363817,47.235135
0,3301282221,relu,tanh,1.350028706,1.231643975,47.62237
1,3301282221,relu,relu,1.296375144,1.190567923,46.346005
2,3301282221,leaky_relu,tanh,1.280310047,1.194412327,49.63397
3,3301282221,leaky_relu,relu,1.276688325,1.188960087,47.490906
0,417990291,relu,tanh,1.179611397,1.093158555,49.806954
1,417990291,relu,relu,1.36096617,1.162717032,48.682347
2,417990291,leaky_relu,tanh,1.259142947,1.17396071,44.900234
3,417990291,leaky_relu,relu,1.325479686,1.180751348,44.213963
0,2584797297,relu,tanh,1.292656529,1.172968972,45.719892
1,2584797297,relu,relu,1.320929801,1.214049423,47.201436
2,2584797297,leaky_relu,tanh,1.234462023,1.132039046,48.330241
3,2584797297,leaky_relu,relu,1.229011023,1.122148776,46.770215
0,3741601255,relu,tanh,1.290780437,1.177985001,50.529573
1,3741601255,relu,relu,1.282805312,1.181689298,48.402944
2,3741601255,leaky_relu,tanh,1.251119971,1.148001683,47.988984
3,3741601255,leaky_relu,relu,4.884057295,2.749049723,43.539429
0,4273593356,relu,tanh,1.245708382,1.12371335,49.914636
1,4273593356,relu,relu,1.332003701,1.184508038,47.691398
2,4273593356,leaky_relu,tanh,1.295446205,1.227805662,44.78305
3,4273593356,leaky_relu,relu,1.27211926,1.175637174,47.416772
0,3180932582,relu,tanh,1.2501261,1.154749608,48.594353
1,3180932582,relu,relu,1.262800646,1.143413436,49.125835
2,3180932582,leaky_relu,tanh,1.265936196,1.149175739,46.326044
3,3180932582,leaky_relu,relu,1.304180503,1.197822702,49.62345
0,3242961583,relu,tanh,1.304579747,1.217715514,47.242855
1,3242961583,relu,relu,1.28070755,1.157115424,46.808049
2,3242961583,leaky_relu,tanh,1.231716895,1.137774503,49.60887
3,3242961583,leaky_relu,relu,2.620277166,1.819607484,46.595368
0,1833710621,relu,tanh,1.235466647,1.157186973,50.293021
1,1833710621,relu,relu,1.283194196,1.187875497,46.913893
2,1833710621,leaky_relu,tanh,1.247486711,1.122898936,48.116636
3,1833710621,leaky_relu,relu,1.313612986,1.245376587,50.081635
0,3425647103,relu,tanh,1.342918038,1.218182063,47.257086
1,3425647103,relu,relu,1.253122103,1.137508905,48.999838
2,3425647103,leaky_relu,tanh,1.226400006,1.131540203,47.993993
3,3425647103,leaky_relu,relu,1.277839947,1.166723621,48.61564
0,1459881421,relu,tanh,1.287191844,1.190935504,48.100775
1,1459881421,relu,relu,1.41194663,1.287298095,45.843432
2,1459881421,leaky_relu,tanh,1.29167949,1.166221821,44.941959
3,1459881421,leaky_relu,relu,3.080858254,1.787674272,47.9976
0,517026854,relu,tanh,1.228973675,1.115607655,50.070767
1,517026854,relu,relu,1.388352668,1.254551601,45.563796
2,517026854,leaky_relu,tanh,1.290194643,1.154513681,44.743404
3,517026854,leaky_relu,relu,3.090733194,2.104294252,54.823896
0,2585930945,relu,tanh,1.267877984,1.127585626,50.612189
1,2585930945,relu,relu,1.287555778,1.176904237,47.589334
2,2585930945,leaky_relu,tanh,1.257248032,1.145754397,49.386951
3,2585930945,leaky_relu,relu,1.262612617,1.180992424,47.49105
0,2335949634,relu,tanh,1.304344285,1.190327418,48.368971
1,2335949634,relu,relu,1.336362362,1.169516802,45.765009
2,2335949634,leaky_relu,tanh,1.220872772,1.143714106,51.533246
3,2335949634,leaky_relu,relu,1.30870434,1.18823626,44.613967
0,3406057239,relu,tanh,1.262132776,1.142663217,44.219537
1,3406057239,relu,relu,1.355130005,1.178493643,47.141483
2,3406057239,leaky_relu,tanh,1.217183149,1.100502717,47.828111
3,3406057239,leaky_relu,relu,1.307526183,1.155814958,48.759652
0,478600517,relu,tanh,1.303563523,1.141856086,47.02555
1,478600517,relu,relu,1.39010452,1.223157179,47.133271
2,478600517,leaky_relu,tanh,1.335544872,1.202929389,45.535629
3,478600517,leaky_relu,relu,1.312305951,1.189393878,47.170958
0,221120646,relu,tanh,1.314679635,1.169772184,45.971966
1,221120646,relu,relu,1.317860496,1.189075482,46.854942
2,221120646,leaky_relu,tanh,1.253716326,1.153540123,46.059371
3,221120646,leaky_relu,relu,1.302702093,1.186159146,51.071891
0,710914736,relu,tanh,1.242814088,1.133260334,46.789132
1,710914736,relu,relu,1.279413819,1.174404776,44.876076
2,710914736,leaky_relu,tanh,1.208885407,1.062116563,48.057044
3,710914736,leaky_relu,relu,2.287321424,1.83171016,44.978133
0,2158737985,relu,tanh,1.258903027,1.153779864,49.234124
1,2158737985,relu,relu,1.355300462,1.20662595,47.006833
2,2158737985,leaky_relu,tanh,1.211773145,1.141530609,48.848229
3,2158737985,leaky_relu,relu,1.20904175,1.131989062,48.993503
0,3974854851,relu,tanh,1.295313656,1.189424074,48.333566
1,3974854851,relu,relu,1.261871576,1.198272789,47.593435
2,3974854851,leaky_relu,tanh,1.291855121,1.181934762,44.619993
3,3974854851,leaky_relu,relu,2.459431362,1.777121627,47.91237
0,745836862,relu,tanh,1.226980174,1.114001918,48.313619
1,745836862,relu,relu,1.337473059,1.22524823,46.603323
2,745836862,leaky_relu,tanh,1.242354572,1.136786509,46.005122
3,745836862,leaky_relu,relu,2.044500625,1.845057023,43.756255
0,4013513294,relu,tanh,1.221306908,1.145397615,50.965672
1,4013513294,relu,relu,1.350447595,1.206306279,48.371626
2,4013513294,leaky_relu,tanh,1.268354535,1.150289321,46.501431
3,4013513294,leaky_relu,relu,1.356168008,1.256692088,52.844753
0,2133531619,relu,tanh,1.245455635,1.10109241,48.748857
1,2133531619,relu,relu,1.439316511,1.325045145,46.044238
2,2133531619,leaky_relu,tanh,1.263316071,1.132198191,48.968972
3,2133531619,leaky_relu,relu,1.286094546,1.145985222,47.982072
0,449472583,relu,tanh,1.293871152,1.176130569,50.610743
1,449472583,relu,relu,1.272007632,1.160078073,48.546453
2,449472583,leaky_relu,tanh,1.220850766,1.13819778,47.635355
3,449472583,leaky_relu,relu,1.36385293,1.28316474,52.377957
0,3731552369,relu,tanh,1.304952455,1.198235428,47.72927
1,3731552369,relu,relu,1.320744121,1.196601415,46.710389
2,3731552369,leaky_relu,tanh,1.278888798,1.206088388,45.736627
3,3731552369,leaky_relu,relu,5.569288182,2.985983777,44.202192
0,193651563,relu,tanh,1.215195191,1.088650131,49.601183
1,193651563,relu,relu,1.307928634,1.232053494,50.892751
2,193651563,leaky_relu,tanh,1.259658623,1.193301439,45.448244
3,193651563,leaky_relu,relu,1.304212499,1.161645925,48.229668
0,3287934657,relu,tanh,1.247016954,1.120221627,47.401561
1,3287934657,relu,relu,1.325191307,1.179982817,47.295074
2,3287934657,leaky_relu,tanh,1.251711833,1.103805327,46.834333
3,3287934657,leaky_relu,relu,3.753077602,2.308142781,43.628227
0,2285820488,relu,tanh,1.266953325,1.158709562,46.326998
1,2285820488,relu,relu,1.276249909,1.162074709,46.900203
2,2285820488,leaky_relu,tanh,1.310046768,1.148457313,45.048964
3,2285820488,leaky_relu,relu,2.003359795,1.738526154,44.767133
0,1669573707,relu,tanh,1.264281547,1.146168935,48.656413
1,1669573707,relu,relu,1.31337148,1.191863751,46.421426
2,1669573707,leaky_relu,tanh,1.286004829,1.166346359,45.059048
3,1669573707,leaky_relu,relu,2.335452294,1.668960285,48.079219
0,824970946,relu,tanh,1.202822876,1.05411886,51.293917
1,824970946,relu,relu,1.342265558,1.238522339,51.979862
2,824970946,leaky_relu,tanh,1.21439029,1.087786305,49.302527
3,824970946,leaky_relu,relu,2.63662107,1.661669207,44.876872
0,2077219262,relu,tanh,1.276418817,1.182006466,47.115646
1,2077219262,relu,relu,1.265527058,1.143927228,50.134304
2,2077219262,leaky_relu,tanh,1.26389786,1.1892712,48.680718
3,2077219262,leaky_relu,relu,1.289730382,1.177514839,46.834813
0,3362620164,relu,tanh,1.181037867,1.065174937,48.920429
1,3362620164,relu,relu,1.326150692,1.187565231,49.095892
2,3362620164,leaky_relu,tanh,1.242161191,1.101927245,45.225032
3,3362620164,leaky_relu,relu,4.390833712,2.272123778,44.410993
0,665313062,relu,tanh,1.276202714,1.153331947,45.455142
1,665313062,relu,relu,1.327139258,1.188050413,46.642691
2,665313062,leaky_relu,tanh,1.266292036,1.119251227,46.792008
3,665313062,leaky_relu,relu,1.293207777,1.175283563,50.716545
0,3454603242,relu,tanh,1.297028649,1.185864234,46.509281
1,3454603242,relu,relu,1.318410277,1.190188181,56.818856
2,3454603242,leaky_relu,tanh,1.27788409,1.168167937,46.645133
3,3454603242,leaky_relu,relu,1.330358481,1.225045156,58.841021
0,3271605489,relu,tanh,1.258906567,1.166384065,47.88557
1,3271605489,relu,relu,1.310814309,1.162965238,49.585037
2,3271605489,leaky_relu,tanh,1.251120627,1.140695071,50.495944
3,3271605489,leaky_relu,relu,1.246523869,1.170132327,50.036139
0,2439719746,relu,tanh,1.24289335,1.148560071,49.811609
1,2439719746,relu,relu,1.252240682,1.136709261,49.558392
2,2439719746,leaky_relu,tanh,1.315206814,1.217139542,49.944314
3,2439719746,leaky_relu,relu,3.01120193,1.944367886,47.565599
0,2625615775,relu,tanh,1.243203056,1.133686519,49.699336
1,2625615775,relu,relu,1.286629438,1.173931897,47.655819
2,2625615775,leaky_relu,tanh,1.228433871,1.121817315,51.130385
3,2625615775,leaky_relu,relu,2.988746572,1.863308024,47.643291
0,3994382665,relu,tanh,1.257311273,1.174039268,46.833953
1,3994382665,relu,relu,1.246204364,1.091985881,48.080426
2,3994382665,leaky_relu,tanh,1.268347287,1.136823142,46.12209
3,3994382665,leaky_relu,relu,1.27901839,1.176556754,46.715616
0,793352753,relu,tanh,1.23745935,1.156002414,50.273508
1,793352753,relu,relu,1.329773569,1.21348418,47.143917
2,793352753,leaky_relu,tanh,1.22464695,1.128335559,47.403011
3,793352753,leaky_relu,relu,4.216591144,2.279037416,43.65898
0,3261738105,relu,tanh,1.338510919,1.206764925,47.677875
1,3261738105,relu,relu,1.294946575,1.205259955,47.665136
2,3261738105,leaky_relu,tanh,1.274854195,1.186966825,47.553538
3,3261738105,leaky_relu,relu,5.281835413,3.205876958,44.846294
0,2944424119,relu,tanh,1.344950473,1.217978287,47.507008
1,2944424119,relu,relu,1.305835867,1.199023747,44.936368
2,2944424119,leaky_relu,tanh,1.310562611,1.217515886,44.820324
3,2944424119,leaky_relu,relu,1.313115311,1.22325902,49.135791
0,2265024531,relu,tanh,1.295029294,1.165490901,45.038434
1,2265024531,relu,relu,1.355575883,1.227887094,50.605227
2,2265024531,leaky_relu,tanh,1.247075057,1.153836453,46.709753
3,2265024531,leaky_relu,relu,4.155255759,2.309251499,46.070503
0,751972418,relu,tanh,1.248257279,1.170993483,50.194588
1,751972418,relu,relu,1.342261553,1.206776166,46.665842
2,751972418,leaky_relu,tanh,1.218782997,1.137465394,46.661404
3,751972418,leaky_relu,relu,4.882460165,3.039711595,43.625778
0,3314144032,relu,tanh,1.230862844,1.113728285,49.126834
1,3314144032,relu,relu,1.359011793,1.14745729,48.360425
2,3314144032,leaky_relu,tanh,1.27236495,1.170306885,49.868748
3,3314144032,leaky_relu,relu,1.324458909,1.229163444,48.113135
0,3662830270,relu,tanh,1.208389044,1.13453871,47.352914
1,3662830270,relu,relu,1.298517764,1.187739289,54.391109
2,3662830270,leaky_relu,tanh,1.281144738,1.236536109,60.08044
3,3662830270,leaky_relu,relu,1.276358593,1.176256096,46.285681
0,2599653554,relu,tanh,1.316056287,1.144955194,46.165552
1,2599653554,relu,relu,1.276594436,1.158694124,46.513265
2,2599653554,leaky_relu,tanh,1.261624253,1.170782304,45.304847
3,2599653554,leaky_relu,relu,3.635881352,2.362232792,47.603766
0,1661731857,relu,tanh,1.337772799,1.182892907,45.511202
1,1661731857,relu,relu,1.322946548,1.206497097,47.731593
2,1661731857,leaky_relu,tanh,1.294095969,1.153272271,44.642417
3,1661731857,leaky_relu,relu,6.619890058,2.480332327,42.22875
0,2991355208,relu,tanh,1.323860431,1.168675101,46.786171
1,2991355208,relu,relu,1.332810283,1.202753186,46.729662
2,2991355208,leaky_relu,tanh,1.233583915,1.116425943,47.589114
3,2991355208,leaky_relu,relu,2.795320964,1.927546513,45.341977
0,1237085187,relu,tanh,1.245349538,1.11556468,44.768372
1,1237085187,relu,relu,1.261167049,1.174206686,49.599864
2,1237085187,leaky_relu,tanh,1.281054175,1.173098183,44.675879
3,1237085187,leaky_relu,relu,1.282813621,1.215404975,50.641966
0,3229499574,relu,tanh,1.195427966,1.104897821,48.386776
1,3229499574,relu,relu,1.294818211,1.159353232,48.158121
2,3229499574,leaky_relu,tanh,1.276489103,1.1894804,50.042252
3,3229499574,leaky_relu,relu,1.232055366,1.100698686,48.034882
0,3364710623,relu,tanh,1.31464678,1.140590453,46.778138
1,3364710623,relu,relu,1.280497158,1.204600573,46.655009
2,3364710623,leaky_relu,tanh,1.316712451,1.255170846,52.79281
3,3364710623,leaky_relu,relu,1.308371496,1.209295952,47.105971
0,2573319381,relu,tanh,1.336368561,1.267873657,65.396382
1,2573319381,relu,relu,3.651328111,3.58358283,53.29001
2,2573319381,leaky_relu,tanh,1.277477849,1.171510911,45.338781
3,2573319381,leaky_relu,relu,3.056086576,1.526554477,47.820987
0,603182175,relu,tanh,1.339202881,1.218969548,45.487292
1,603182175,relu,relu,1.364005125,1.208572459,46.600339
2,603182175,leaky_relu,tanh,1.27973361,1.174461746,45.711996
3,603182175,leaky_relu,relu,1.325340545,1.188045585,49.12598
0,3107013746,relu,tanh,1.221723509,1.123247111,48.831253
1,3107013746,relu,relu,1.307694697,1.177152348,47.809716
2,3107013746,leaky_relu,tanh,1.284530926,1.180530322,45.653355
3,3107013746,leaky_relu,relu,1.302541792,1.202523339,47.456177
0,1221954925,relu,tanh,1.28956387,1.15727551,48.5128
1,1221954925,relu,relu,1.3085958,1.221506011,45.779339
2,1221954925,leaky_relu,tanh,1.161035287,1.026304865,49.570138
3,1221954925,leaky_relu,relu,1.468241286,1.396077955,56.045062
0,2176847894,relu,tanh,1.322612929,1.2138556,46.299243
1,2176847894,relu,relu,1.239029002,1.095011592,46.719115
2,2176847894,leaky_relu,tanh,2.18916899,1.755777633,44.533452
3,2176847894,leaky_relu,relu,1.299793267,1.176011515,46.626437
0,2893425116,relu,tanh,1.318045902,1.217947149,45.985646
1,2893425116,relu,relu,1.29704231,1.177275479,46.342924
2,2893425116,leaky_relu,tanh,1.28110503,1.173135209,47.806019
3,2893425116,leaky_relu,relu,1.259657013,1.170740807,46.669511
0,2162107438,relu,tanh,1.243633127,1.187329376,50.701697
1,2162107438,relu,relu,1.351857829,1.233961654,48.467878
2,2162107438,leaky_relu,tanh,1.310101116,1.169860709,44.634803
3,2162107438,leaky_relu,relu,1.319930935,1.188686228,45.830172
0,817390417,relu,tanh,1.253683305,1.139373279,47.640089
1,817390417,relu,relu,1.332581973,1.174267018,48.356397
2,817390417,leaky_relu,tanh,1.287299049,1.173556364,44.078556
3,817390417,leaky_relu,relu,2.930780983,1.874848127,45.736835
0,1288028798,relu,tanh,1.247080505,1.112216699,50.954531
1,1288028798,relu,relu,1.362439466,1.244566107,45.191597
2,1288028798,leaky_relu,tanh,1.188082993,1.104641759,49.599859
3,1288028798,leaky_relu,relu,1.318157685,1.203099835,46.060505
0,1419085027,relu,tanh,1.310163283,1.190093207,46.213577
1,1419085027,relu,relu,1.30185765,1.159064996,46.636248
2,1419085027,leaky_relu,tanh,1.298418343,1.134033585,46.176742
3,1419085027,leaky_relu,relu,2.762162673,1.582136476,45.845449
0,3371068514,relu,tanh,1.262547112,1.160509062,48.924564
1,3371068514,relu,relu,1.310552013,1.206911755,45.964712
2,3371068514,leaky_relu,tanh,1.24093622,1.142440832,47.352891
3,3371068514,leaky_relu,relu,2.340132236,2.082723999,45.267749
0,2960281705,relu,tanh,1.27727809,1.120548224,45.39076
1,2960281705,relu,relu,1.367241287,1.251773441,48.543927
2,2960281705,leaky_relu,tanh,1.231857634,1.104661846,51.914283
3,2960281705,leaky_relu,relu,1.33467406,1.191030431,49.267227
0,972483891,relu,tanh,1.238644898,1.128801751,50.574883
1,972483891,relu,relu,1.291932011,1.168403947,48.225911
2,972483891,leaky_relu,tanh,1.215110266,1.077023554,46.636502
3,972483891,leaky_relu,relu,1.310616505,1.176647985,45.284385
0,885230567,relu,tanh,1.269999766,1.172381282,49.203003
1,885230567,relu,relu,1.288084495,1.168141973,47.930357
2,885230567,leaky_relu,tanh,1.218272746,1.129131913,47.843413
3,885230567,leaky_relu,relu,1.306791639,1.208880246,46.496069
0,3987089457,relu,tanh,1.217391419,1.136127818,50.19818
1,3987089457,relu,relu,1.297213411,1.154399097,47.473213
2,3987089457,leaky_relu,tanh,1.27738632,1.156851137,45.538058
3,3987089457,leaky_relu,relu,2.578793049,1.816225529,47.929177
0,1192847340,relu,tanh,1.283111668,1.161998022,45.560503
1,1192847340,relu,relu,1.312316453,1.185606039,48.515226
2,1192847340,leaky_relu,tanh,1.29221034,1.167871881,43.793262
3,1192847340,leaky_relu,relu,1.396769929,1.28671658,46.801077
0,1570965011,relu,tanh,1.271251178,1.1671507,44.212935
1,1570965011,relu,relu,1.308190322,1.158131087,47.123163
2,1570965011,leaky_relu,tanh,1.227260208,1.122792625,48.248198
3,1570965011,leaky_relu,relu,1.333996129,1.218831038,44.216949
0,1917421478,relu,tanh,1.353601956,1.194542694,44.816659
1,1917421478,relu,relu,1.276400709,1.149145496,48.239822
2,1917421478,leaky_relu,tanh,1.286828065,1.194854474,47.20292
3,1917421478,leaky_relu,relu,3.091095853,1.827436852,46.148409
0,2226430058,relu,tanh,1.232039297,1.117209041,50.031133
1,2226430058,relu,relu,1.358698642,1.23501991,47.160097
2,2226430058,leaky_relu,tanh,1.181239426,1.086054432,48.759373
3,2226430058,leaky_relu,relu,2.891970229,2.451427829,46.267101
0,629839078,relu,tanh,1.259021854,1.193218732,44.844828
1,629839078,relu,relu,1.305468023,1.18498944,49.202233
2,629839078,leaky_relu,tanh,1.304141724,1.168822157,45.900518
3,629839078,leaky_relu,relu,1.299281538,1.215874863,49.288523
0,2722884424,relu,tanh,1.33826046,1.225623286,47.282402
1,2722884424,relu,relu,1.340118289,1.202733624,45.621073
2,2722884424,leaky_relu,tanh,1.260752928,1.161748362,45.862562
3,2722884424,leaky_relu,relu,2.523274434,1.868239212,46.794387
0,1910338276,relu,tanh,1.226502311,1.0806005,50.192131
1,1910338276,relu,relu,1.278829849,1.17035017,47.641251
2,1910338276,leaky_relu,tanh,1.270330775,1.151208389,44.077691
3,1910338276,leaky_relu,relu,1.264494717,1.136331475,46.692027
0,1263608459,relu,tanh,1.302433038,1.218821597,46.306153
1,1263608459,relu,relu,1.297068024,1.184167874,51.233404
2,1263608459,leaky_relu,tanh,1.28898977,1.138490498,46.743254
3,1263608459,leaky_relu,relu,6.293785346,2.906052125,43.674361
0,2535371233,relu,tanh,1.277584875,1.171156693,47.590024
1,2535371233,relu,relu,1.274346888,1.175449288,47.160118
2,2535371233,leaky_relu,tanh,1.262987256,1.171105123,46.582783
3,2535371233,leaky_relu,relu,1.287370098,1.172088027,46.707277
0,279471586,relu,tanh,1.241446614,1.153677928,45.238254
1,279471586,relu,relu,1.286739218,1.181448555,50.315552
2,279471586,leaky_relu,tanh,1.25119673,1.163160658,45.794203
3,279471586,leaky_relu,relu,1.302302063,1.16805625,48.462716
0,859299852,relu,tanh,1.316712821,1.186222041,48.871332
1,859299852,relu,relu,1.351925111,1.225867736,47.601844
2,859299852,leaky_relu,tanh,1.30401336,1.192476058,44.949722
3,859299852,leaky_relu,relu,1.307305944,1.209370232,47.286098
0,1297887874,relu,tanh,1.289573443,1.216332006,48.153921
1,1297887874,relu,relu,1.314603043,1.208858681,47.477919
2,1297887874,leaky_relu,tanh,2.374656868,1.586567378,46.920188
3,1297887874,leaky_relu,relu,1.284428978,1.210372615,50.936296
0,525517094,relu,tanh,1.248842919,1.128558946,49.611739
1,525517094,relu,relu,1.354505813,1.1232481,45.280988
2,525517094,leaky_relu,tanh,1.264746284,1.109083521,47.503928
3,525517094,leaky_relu,relu,4.413662767,2.245486426,43.491294
0,1100724247,relu,tanh,1.228261697,1.075961208,50.562148
1,1100724247,relu,relu,1.318989277,1.22210809,48.436753
2,1100724247,leaky_relu,tanh,1.261732483,1.174799657,46.38731
3,1100724247,leaky_relu,relu,2.956078291,1.752758574,48.076028
0,656695507,relu,tanh,1.2849666,1.117002809,48.058542
1,656695507,relu,relu,2.757567847,1.850489426,44.517933
2,656695507,leaky_relu,tanh,1.208654046,1.103625357,48.074623
3,656695507,leaky_relu,relu,5.262293077,2.905659294,42.91951
0,896444342,relu,tanh,1.251267827,1.12723937,50.599777
1,896444342,relu,relu,1.31568619,1.202433848,47.513496
2,896444342,leaky_relu,tanh,1.273905194,1.162458479,46.130719
3,896444342,leaky_relu,relu,3.529458237,3.004851484,43.737355
0,518285108,relu,tanh,1.302830613,1.157214785,49.02126
1,518285108,relu,relu,1.242553449,1.126098919,46.928451
2,518285108,leaky_relu,tanh,1.247494984,1.125645399,46.536262
3,518285108,leaky_relu,relu,1.305718744,1.159645128,45.88352
0,4025998449,relu,tanh,1.307475626,1.167298031,47.761224
1,4025998449,relu,relu,1.325849009,1.205672157,45.732606
2,4025998449,leaky_relu,tanh,1.262469268,1.165455043,48.533668
3,4025998449,leaky_relu,relu,1.30587399,1.199730182,47.61996
0,2188361195,relu,tanh,1.280568123,1.103319216,52.696007
1,2188361195,relu,relu,1.308552229,1.153635561,47.991588
2,2188361195,leaky_relu,tanh,1.159409416,1.057644391,49.153537
3,2188361195,leaky_relu,relu,1.287445283,1.139904881,47.147757
0,3005496463,relu,tanh,1.282100773,1.197735572,51.062277
1,3005496463,relu,relu,1.323729253,1.183218753,50.576122
2,3005496463,leaky_relu,tanh,1.290516329,1.143422103,45.094508
3,3005496463,leaky_relu,relu,3.574895644,2.811110151,46.189148
0,4084963610,relu,tanh,1.301175451,1.219371712,49.213392
1,4084963610,relu,relu,1.307999027,1.194224346,46.774871
2,4084963610,leaky_relu,tanh,2.793518794,1.769725215,48.053846
3,4084963610,leaky_relu,relu,1.29708432,1.179253936,46.29485
0,1152581601,relu,tanh,1.269995761,1.151407301,47.621483
1,1152581601,relu,relu,1.279241788,1.184487927,46.526742
2,1152581601,leaky_relu,tanh,1.277745366,1.152519965,45.149289
3,1152581601,leaky_relu,relu,1.292333674,1.195658517,47.581031
0,2311214386,relu,tanh,1.316956854,1.229999483,45.556961
1,2311214386,relu,relu,1.364770412,1.236574149,48.314157
2,2311214386,leaky_relu,tanh,1.27210592,1.178294659,45.52997
3,2311214386,leaky_relu,relu,1.32884711,1.210335183,48.486057
0,368031844,relu,tanh,1.302441847,1.169839895,44.506488
1,368031844,relu,relu,1.345725048,1.196231115,48.890266
2,368031844,leaky_relu,tanh,1.290597558,1.144111061,45.504346
3,368031844,leaky_relu,relu,4.987041187,2.997870791,44.492628
0,3707169125,relu,tanh,1.285961699,1.151140082,48.021998
1,3707169125,relu,relu,1.255915189,1.115266418,46.805207
2,3707169125,leaky_relu,tanh,1.260813332,1.178551781,47.99068
3,3707169125,leaky_relu,relu,1.274744964,1.210417104,47.599282
0,1901533340,relu,tanh,1.277751017,1.149675524,48.887354
1,1901533340,relu,relu,1.21942637,1.12625246,48.211941
2,1901533340,leaky_relu,tanh,1.233573365,1.138446844,47.079112
3,1901533340,leaky_relu,relu,2.652331746,1.983149815,45.365045
0,2571750042,relu,tanh,1.218818569,1.133123696,48.611867
1,2571750042,relu,relu,1.279809475,1.159912503,48.204121
2,2571750042,leaky_relu,tanh,1.280723035,1.177224016,44.883988
3,2571750042,leaky_relu,relu,1.326889992,1.222314548,50.122371
0,2866143406,relu,tanh,1.303645074,1.150021625,48.959228
1,2866143406,relu,relu,1.342709816,1.232234395,46.099957
2,2866143406,leaky_relu,tanh,1.295767605,1.177955604,45.756423
3,2866143406,leaky_relu,relu,3.861370397,2.37769419,44.89773
0,2147347914,relu,tanh,1.295304716,1.202033782,47.54466
1,2147347914,relu,relu,1.285453284,1.15525378,48.404248
2,2147347914,leaky_relu,tanh,1.303525877,1.20327965,47.821127
3,2147347914,leaky_relu,relu,1.26184454,1.169604504,48.533011
0,1210327146,relu,tanh,1.221160924,1.127235818,46.879127
1,1210327146,relu,relu,1.380100179,1.204327118,46.461982
2,1210327146,leaky_relu,tanh,1.27272296,1.188461077,47.010915
3,1210327146,leaky_relu,relu,3.035034108,1.736011374,45.566091
0,4191048841,relu,tanh,1.295887446,1.165833843,49.003513
1,4191048841,relu,relu,1.275574672,1.179719079,46.331042
2,4191048841,leaky_relu,tanh,1.28804611,1.16956135,45.682712
3,4191048841,leaky_relu,relu,1.265151942,1.166848123,47.797065
0,3842761137,relu,tanh,1.316667163,1.158667636,44.220951
1,3842761137,relu,relu,1.317127013,1.186027873,47.87616
2,3842761137,leaky_relu,tanh,1.260547841,1.152718008,46.067403
3,3842761137,leaky_relu,relu,4.937724853,2.390976536,44.642955
0,2335158852,relu,tanh,1.298777199,1.133698797,46.730827
1,2335158852,relu,relu,1.317566407,1.173099518,46.727891
2,2335158852,leaky_relu,tanh,1.26866672,1.163720119,47.364814
3,2335158852,leaky_relu,relu,1.282735491,1.155600643,47.824547
0,1354802750,relu,tanh,1.262048519,1.152369714,52.333415
1,1354802750,relu,relu,1.269014907,1.139222157,46.992895
2,1354802750,leaky_relu,tanh,1.270537364,1.136845124,47.366628
3,1354802750,leaky_relu,relu,1.274707246,1.194986963,45.753396
0,278451963,relu,tanh,1.250848532,1.128717041,50.305191
1,278451963,relu,relu,1.297318113,1.161753201,47.649084
2,278451963,leaky_relu,tanh,1.19849596,1.117684138,50.512019
3,278451963,leaky_relu,relu,1.32635808,1.231937027,50.366074
0,2130233434,relu,tanh,1.258220446,1.153240144,50.022499
1,2130233434,relu,relu,1.283216822,1.175664794,48.195087
2,2130233434,leaky_relu,tanh,1.243985224,1.129004264,48.395814
3,2130233434,leaky_relu,relu,1.321673894,1.152173638,45.983963
0,3970944165,relu,tanh,1.29206028,1.168633521,49.042009
1,3970944165,relu,relu,1.281539154,1.149389684,48.916557
2,3970944165,leaky_relu,tanh,1.336395383,1.212543535,45.657682
3,3970944165,leaky_relu,relu,1.285504174,1.199926102,46.192042
0,2150902366,relu,tanh,1.287541401,1.144438279,52.39892
1,2150902366,relu,relu,1.301715016,1.209809244,45.465174
2,2150902366,leaky_relu,tanh,1.272747958,1.169326627,45.582452
3,2150902366,leaky_relu,relu,1.279025888,1.147766459,49.075142
0,2278402811,relu,tanh,1.32735914,1.175701523,45.367088
1,2278402811,relu,relu,1.308057964,1.193270683,46.830092
2,2278402811,leaky_relu,tanh,1.217945516,1.105125618,47.615742
3,2278402811,leaky_relu,relu,1.366173923,1.302495396,56.216576
0,3897729530,relu,tanh,1.29420501,1.211024141,47.40379
1,3897729530,relu,relu,1.292594564,1.158670318,46.476147
2,3897729530,leaky_relu,tanh,1.229858291,1.122365654,49.691328
3,3897729530,leaky_relu,relu,1.269167697,1.172151303,45.108744
0,4192951090,relu,tanh,1.206636596,1.069236946,52.845773
1,4192951090,relu,relu,1.275916255,1.14544332,44.588113
2,4192951090,leaky_relu,tanh,1.212875617,1.10513171,45.349919
3,4192951090,leaky_relu,relu,1.360565424,1.27341826,58.536204
0,306712199,relu,tanh,1.273078656,1.180453157,46.18174
1,306712199,relu,relu,1.341555321,1.165704131,47.147913
2,306712199,leaky_relu,tanh,1.218353486,1.122303867,48.740937
3,306712199,leaky_relu,relu,1.305328333,1.17968756,45.721299
0,1580088710,relu,tanh,1.336570287,1.174460602,49.005793
1,1580088710,relu,relu,1.294506967,1.207390559,49.355752
2,1580088710,leaky_relu,tanh,1.280394423,1.159486115,44.619443
3,1580088710,leaky_relu,relu,2.536956239,1.957920897,52.755913
0,3242368724,relu,tanh,1.242717957,1.161738133,49.234448
1,3242368724,relu,relu,1.327967036,1.194784653,47.385282
2,3242368724,leaky_relu,tanh,1.247212625,1.120445049,44.803926
3,3242368724,leaky_relu,relu,1.312342465,1.185947239,47.34461
0,3625232215,relu,tanh,1.251957095,1.145938039,48.063766
1,3625232215,relu,relu,1.403056836,1.229467773,44.321679
2,3625232215,leaky_relu,tanh,1.299819636,1.169870293,44.036982
3,3625232215,leaky_relu,relu,3.891177821,2.436340213,44.293718
0,2673072951,relu,tanh,1.364375687,1.249699724,46.20816
1,2673072951,relu,relu,1.282248938,1.155313265,45.972131
2,2673072951,leaky_relu,tanh,1.22605747,1.13574146,49.53416
3,2673072951,leaky_relu,relu,1.294485569,1.206558776,47.536926
0,1940767665,relu,tanh,1.334887898,1.211422861,47.334012
1,1940767665,relu,relu,1.292646933,1.183815038,49.069999
2,1940767665,leaky_relu,tanh,1.879946876,1.713231516,44.467501
3,1940767665,leaky_relu,relu,1.315770912,1.193812215,46.65968
0,1567441857,relu,tanh,1.222758234,1.122180033,50.160615
1,1567441857,relu,relu,1.354464221,1.231828856,46.038765
2,1567441857,leaky_relu,tanh,1.201313996,1.106910086,50.496271
3,1567441857,leaky_relu,relu,1.298909307,1.194492769,50.122055
0,3388355089,relu,tanh,1.317876816,1.204604673,46.731878
1,3388355089,relu,relu,1.319661236,1.207343233,47.012307
2,3388355089,leaky_relu,tanh,1.227957058,1.155834079,48.536554
3,3388355089,leaky_relu,relu,1.323082078,1.239113355,48.227766
0,1692025309,relu,tanh,1.237344491,1.13869189,50.32256
1,1692025309,relu,relu,1.266809297,1.148614836,46.410267
2,1692025309,leaky_relu,tanh,1.271996284,1.184502244,46.092857
3,1692025309,leaky_relu,relu,1.337909174,1.156500363,46.664519
0,2357829266,relu,tanh,1.236547589,1.123866773,49.248539
1,2357829266,relu,relu,1.288289869,1.179276192,50.425572
2,2357829266,leaky_relu,tanh,1.234455562,1.167957127,53.486584
3,2357829266,leaky_relu,relu,1.299738646,1.168946755,47.992151
0,3653442774,relu,tanh,1.25066756,1.106838763,47.78681
1,3653442774,relu,relu,1.319424951,1.169342446,45.652128
2,3653442774,leaky_relu,tanh,1.298468745,1.167904174,45.458069
3,3653442774,leaky_relu,relu,3.109313011,1.937469077,46.543872
0,3997097992,relu,tanh,1.208206153,1.118007421,49.376186
1,3997097992,relu,relu,1.302193451,1.191611421,47.303454
2,3997097992,leaky_relu,tanh,1.303040993,1.181928456,45.889177
3,3997097992,leaky_relu,relu,2.625518906,1.70539372,48.651485
0,4217252967,relu,tanh,1.28461405,1.204384565,48.05231
1,4217252967,relu,relu,1.272793806,1.143725717,48.425578
2,4217252967,leaky_relu,tanh,1.173270762,1.073560739,47.95862
3,4217252967,leaky_relu,relu,1.284212828,1.196493936,48.061915
0,3377645619,relu,tanh,1.276517069,1.183589721,47.726797
1,3377645619,relu,relu,1.396986973,1.271931052,55.157087
2,3377645619,leaky_relu,tanh,2.670239878,1.682461619,43.366972
3,3377645619,leaky_relu,relu,4.494787192,3.074860561,42.358587
0,1697237458,relu,tanh,1.296027696,1.134201443,45.956166
1,1697237458,relu,relu,1.32108736,1.179394174,46.244111
2,1697237458,leaky_relu,tanh,1.22871666,1.133430028,50.417165
3,1697237458,leaky_relu,relu,1.324972415,1.192669392,46.11932
0,1731800454,relu,tanh,1.234627569,1.123787582,48.230539
1,1731800454,relu,relu,1.374332881,1.252059197,46.789502
2,1731800454,leaky_relu,tanh,1.400185871,1.190127993,49.871844
3,1731800454,leaky_relu,relu,1.347331226,1.194711578,47.657211
0,2737556734,relu,tanh,1.22227217,1.092657101,46.745201
1,2737556734,relu,relu,1.502655745,1.419813025,53.855735
2,2737556734,leaky_relu,tanh,1.221599543,1.133358371,47.313106
3,2737556734,leaky_relu,relu,1.276605082,1.168637395,46.923246
0,214002550,relu,tanh,1.275528109,1.162605107,50.076299
1,214002550,relu,relu,1.292302537,1.12935437,47.370696
2,214002550,leaky_relu,tanh,1.28016578,1.177626908,44.845496
3,214002550,leaky_relu,relu,5.102120161,2.988747668,45.226792
0,3268785435,relu,tanh,1.247496116,1.135577261,50.982027
1,3268785435,relu,relu,1.304249418,1.192239845,47.302691
2,3268785435,leaky_relu,tanh,1.285928917,1.172395015,44.869437
3,3268785435,leaky_relu,relu,1.349941468,1.202881277,45.34202
0,1936533459,relu,tanh,1.286512709,1.168654251,46.97794
1,1936533459,relu,relu,1.385654104,1.192168772,46.743268
2,1936533459,leaky_relu,tanh,1.191443324,1.093173599,47.17298
3,1936533459,leaky_relu,relu,1.299771643,1.136877704,49.260902
0,2714375448,relu,tanh,1.220242679,1.148433244,51.655304
1,2714375448,relu,relu,1.309335518,1.20098145,49.929618
2,2714375448,leaky_relu,tanh,1.24945519,1.15875262,50.803852
3,2714375448,leaky_relu,relu,1.310240889,1.242533422,49.18815
0,1845484136,relu,tanh,1.29582144,1.17378161,47.637909
1,1845484136,relu,relu,1.334353399,1.173646414,46.797073
2,1845484136,leaky_relu,tanh,1.232683396,1.121630394,48.238241
3,1845484136,leaky_relu,relu,3.086333168,1.688428164,48.082332
0,853402576,relu,tanh,1.252134895,1.166748679,48.137529
1,853402576,relu,relu,1.358117294,1.193697226,45.644071
2,853402576,leaky_relu,tanh,3.423222804,1.623007464,46.714053
3,853402576,leaky_relu,relu,1.309221721,1.193351567,46.84023
0,3666867933,relu,tanh,1.267896962,1.134440839,47.207146
1,3666867933,relu,relu,1.304823446,1.180850661,49.818776
2,3666867933,leaky_relu,tanh,1.292352533,1.217267096,45.479796
3,3666867933,leaky_relu,relu,1.333215523,1.273112941,51.671478
0,921998893,relu,tanh,1.300463629,1.164091313,49.897405
1,921998893,relu,relu,1.297887778,1.184506321,49.160761
2,921998893,leaky_relu,tanh,1.205849075,1.126632869,50.687915
3,921998893,leaky_relu,relu,3.155097556,2.176676607,45.359975
0,2732232824,relu,tanh,1.217066896,1.131784248,49.20214
1,2732232824,relu,relu,1.322256041,1.181933892,44.393031
2,2732232824,leaky_relu,tanh,1.265830636,1.158499825,49.269064
3,2732232824,leaky_relu,relu,1.310088682,1.174497843,47.34875
0,1121110582,relu,tanh,1.249532008,1.127553439,48.972123
1,1121110582,relu,relu,1.278187859,1.139085603,49.059014
2,1121110582,leaky_relu,tanh,1.262624586,1.187777412,48.651044
3,1121110582,leaky_relu,relu,1.310704648,1.228837681,47.880873
0,2198549776,relu,tanh,1.310496557,1.25251193,49.533684
1,2198549776,relu,relu,1.375012922,1.197177696,46.685203
2,2198549776,leaky_relu,tanh,1.274300933,1.156307924,49.318511
3,2198549776,leaky_relu,relu,1.260606599,1.183609605,48.004425
0,4103061965,relu,tanh,1.246693635,1.115748835,49.400771
1,4103061965,relu,relu,1.367789412,1.241301942,46.765512
2,4103061965,leaky_relu,tanh,1.240295815,1.116160429,48.493627
3,4103061965,leaky_relu,relu,2.266744828,1.779191351,44.588779
0,3988911830,relu,tanh,1.240158737,1.145759571,45.96219
1,3988911830,relu,relu,1.308358872,1.213164151,46.472097
2,3988911830,leaky_relu,tanh,1.266319239,1.177479899,46.760123
3,3988911830,leaky_relu,relu,1.317364371,1.203927374,46.998906
0,809887453,relu,tanh,1.254207993,1.128121758,46.263398
1,809887453,relu,relu,2.340103936,1.836802673,43.949029
2,809887453,leaky_relu,tanh,1.24501524,1.144605994,45.550801
3,809887453,leaky_relu,relu,4.430588818,2.359279132,47.381651
0,3565429391,relu,tanh,1.289110661,1.168765128,48.386102
1,3565429391,relu,relu,1.308892941,1.185009015,46.09014
2,3565429391,leaky_relu,tanh,1.250017226,1.140293801,48.011563
3,3565429391,leaky_relu,relu,1.306393981,1.202096581,46.369167
0,1244113143,relu,tanh,1.257906699,1.138319802,47.214893
1,1244113143,relu,relu,1.361075509,1.185953307,46.232698
2,1244113143,leaky_relu,tanh,1.283672452,1.150460756,48.011543
3,1244113143,leaky_relu,relu,1.244189954,1.139075637,48.405553
0,3496542908,relu,tanh,1.299412322,1.146016383,46.429595
1,3496542908,relu,relu,1.353407085,1.227627361,47.575734
2,3496542908,leaky_relu,tanh,1.294333243,1.189149022,44.031179
3,3496542908,leaky_relu,relu,2.905209911,1.620466053,46.147992
0,1782578303,relu,tanh,1.264441216,1.20089407,46.867588
1,1782578303,relu,relu,1.296909368,1.204639947,47.994443
2,1782578303,leaky_relu,tanh,1.174883223,1.053529871,49.810642
3,1782578303,leaky_relu,relu,2.244356382,1.706313562,47.127489
0,1338512872,relu,tanh,1.24417963,1.140561223,45.903818
1,1338512872,relu,relu,1.365605199,1.222168958,46.496378
2,1338512872,leaky_relu,tanh,1.245906973,1.154176867,47.759685
3,1338512872,leaky_relu,relu,1.281640673,1.198146927,48.338145
0,3840434441,relu,tanh,1.266741073,1.157688081,48.955803
1,3840434441,relu,relu,1.279088151,1.184918225,47.342623
2,3840434441,leaky_relu,tanh,1.264775467,1.182155836,44.755031
3,3840434441,leaky_relu,relu,2.984981537,1.657108259,52.217471
0,2853762154,relu,tanh,1.329837143,1.213003385,48.159304
1,2853762154,relu,relu,1.262958872,1.153534186,46.803501
2,2853762154,leaky_relu,tanh,1.20154469,1.075549591,55.597268
3,2853762154,leaky_relu,relu,1.26889652,1.175293028,49.035678
0,4185571263,relu,tanh,1.313130486,1.200174856,49.361896
1,4185571263,relu,relu,1.313798523,1.191261101,46.506005
2,4185571263,leaky_relu,tanh,1.257403111,1.13830781,48.671797
3,4185571263,leaky_relu,relu,1.268216991,1.137461913,48.139887
0,3617896532,relu,tanh,1.316515875,1.164149201,46.080069
1,3617896532,relu,relu,1.389176619,1.220307279,45.547123
2,3617896532,leaky_relu,tanh,1.256525183,1.146736586,48.186301
3,3617896532,leaky_relu,relu,4.448749602,2.294289076,46.289729
0,1666213397,relu,tanh,1.32430954,1.138982892,48.118063
1,1666213397,relu,relu,1.371821439,1.198769474,47.572188
2,1666213397,leaky_relu,tanh,1.188575637,1.034202445,48.671988
3,1666213397,leaky_relu,relu,2.039024889,1.891330528,45.90596
0,1177131499,relu,tanh,1.35222007,1.244692254,47.800467
1,1177131499,relu,relu,1.289162195,1.183023787,47.644094
2,1177131499,leaky_relu,tanh,1.226729059,1.133797121,47.620672
3,1177131499,leaky_relu,relu,1.279612064,1.148763132,47.368338
0,3574450858,relu,tanh,1.209036863,1.103723633,50.594986
1,3574450858,relu,relu,1.270311272,1.137365878,49.169595
2,3574450858,leaky_relu,tanh,1.273954022,1.166105938,46.016477
3,3574450858,leaky_relu,relu,1.285466671,1.181892955,47.858423
0,908276902,relu,tanh,1.278234911,1.159969699,49.637962
1,908276902,relu,relu,1.323883164,1.198039746,50.155558
2,908276902,leaky_relu,tanh,1.21524657,1.132266319,49.721676
3,908276902,leaky_relu,relu,1.325976276,1.214492083,50.94505
0,1431387248,relu,tanh,1.316970527,1.195858109,48.222903
1,1431387248,relu,relu,1.308169758,1.184406567,47.713489
2,1431387248,leaky_relu,tanh,2.066839409,1.644637132,45.306949
3,1431387248,leaky_relu,relu,1.266657674,1.159728491,50.242236
0,3070921466,relu,tanh,1.334545445,1.223262858,48.979292
1,3070921466,relu,relu,1.320444679,1.184771895,51.180424
2,3070921466,leaky_relu,tanh,1.256771743,1.171246457,47.234493
3,3070921466,leaky_relu,relu,1.29137547,1.166813338,46.995704
0,2127800302,relu,tanh,1.365600097,1.249727488,46.883361
1,2127800302,relu,relu,1.308515179,1.189042389,46.050638
2,2127800302,leaky_relu,tanh,1.287280273,1.183224273,46.338097
3,2127800302,leaky_relu,relu,1.329697299,1.19905287,48.482651
0,2917910295,relu,tanh,1.302322078,1.174125111,47.250138
1,2917910295,relu,relu,1.310150743,1.130244291,47.294999
2,2917910295,leaky_relu,tanh,1.231811583,1.158044398,47.434409
3,2917910295,leaky_relu,relu,1.288480604,1.165506434,46.684408
0,3571281231,relu,tanh,1.220145178,1.122180712,47.668168
1,3571281231,relu,relu,1.265846598,1.185841978,48.247001
2,3571281231,leaky_relu,tanh,1.201811814,1.106540489,50.529095
3,3571281231,leaky_relu,relu,1.289805353,1.17864058,49.843106
0,1781758496,relu,tanh,1.231624007,1.132217991,52.076096
1,1781758496,relu,relu,1.301471722,1.138572979,49.453337
2,1781758496,leaky_relu,tanh,1.202722323,1.046289265,50.599709
3,1781758496,leaky_relu,relu,1.353922081,1.222382545,50.043446
0,2112573045,relu,tanh,1.278080487,1.135555291,47.139009
1,2112573045,relu,relu,1.277944791,1.170792699,49.076094
2,2112573045,leaky_relu,tanh,1.255191898,1.138374901,43.570822
3,2112573045,leaky_relu,relu,3.458373523,2.112625504,44.023841
0,333828904,relu,tanh,1.182870185,1.107868719,50.960731
1,333828904,relu,relu,1.269880068,1.125405884,48.691383
2,333828904,leaky_relu,tanh,1.260990429,1.171838737,47.054123
3,333828904,leaky_relu,relu,1.287789333,1.158557534,47.477013
0,3214189557,relu,tanh,1.350859857,1.212336814,47.800004
1,3214189557,relu,relu,1.346585894,1.246553946,47.053364
2,3214189557,leaky_relu,tanh,1.273542988,1.180151927,46.943734
3,3214189557,leaky_relu,relu,2.563986921,2.091583645,46.232029
0,294390744,relu,tanh,1.2847404,1.184269106,47.793132
1,294390744,relu,relu,1.317515373,1.181903327,47.624112
2,294390744,leaky_relu,tanh,1.276812243,1.164597285,49.169917
3,294390744,leaky_relu,relu,1.288706052,1.188740003,48.197674
0,1823772611,relu,tanh,1.30163368,1.173162973,48.748917
1,1823772611,relu,relu,1.280806911,1.157883787,49.979703
2,1823772611,leaky_relu,tanh,1.219081712,1.099545622,46.956209
3,1823772611,leaky_relu,relu,2.883516967,2.09230746,48.877266
0,3484064995,relu,tanh,1.336226439,1.199705231,47.584895
1,3484064995,relu,relu,1.356502533,1.182870328,46.019338
2,3484064995,leaky_relu,tanh,1.165965068,1.033330035,49.765525
3,3484064995,leaky_relu,relu,1.307318926,1.198552978,48.091756
0,2785618176,relu,tanh,1.170540166,1.091371667,50.980164
1,2785618176,relu,relu,1.275228024,1.180567789,48.146272
2,2785618176,leaky_relu,tanh,1.268675447,1.160307276,51.433412
3,2785618176,leaky_relu,relu,1.334877276,1.195200038,47.045949
0,1478667064,relu,tanh,1.244583464,1.07914325,49.090039
1,1478667064,relu,relu,1.348188031,1.246448863,49.124559
2,1478667064,leaky_relu,tanh,1.2608814,1.134562612,43.650249
3,1478667064,leaky_relu,relu,1.335520172,1.2352121,55.799186
0,734244665,relu,tanh,1.285945535,1.17850064,49.214917
1,734244665,relu,relu,1.32344501,1.157316005,48.550709
2,734244665,leaky_relu,tanh,1.249051738,1.166452026,47.859965
3,734244665,leaky_relu,relu,2.182686996,1.807495749,49.121004
0,2056010955,relu,tanh,1.231143773,1.138484931,47.231032
1,2056010955,relu,relu,1.350978231,1.206075013,47.339362
2,2056010955,leaky_relu,tanh,1.258952367,1.168522894,48.10196
3,2056010955,leaky_relu,relu,1.245023346,1.118883359,48.62907
0,4270505259,relu,tanh,1.317632115,1.160120082,46.606949
1,4270505259,relu,relu,1.321715105,1.1964697,48.672666
2,4270505259,leaky_relu,tanh,1.320868289,1.212997913,47.27909
3,4270505259,leaky_relu,relu,6.745528221,2.601671994,41.853248
0,1823030788,relu,tanh,1.288586855,1.159686446,47.000054
1,1823030788,relu,relu,1.351375782,1.183969069,49.248013
2,1823030788,leaky_relu,tanh,1.220926261,1.099140215,48.186664
3,1823030788,leaky_relu,relu,1.25251981,1.165661466,47.691391
0,486511073,relu,tanh,1.169585896,1.072830999,50.723732
1,486511073,relu,relu,1.292086637,1.188095808,47.90422
2,486511073,leaky_relu,tanh,1.215131104,1.141726601,48.004479
3,486511073,leaky_relu,relu,2.796072245,2.25764066,45.35495
0,772611730,relu,tanh,1.246730912,1.119875705,49.232021
1,772611730,relu,relu,1.378092301,1.232474685,50.817548
2,772611730,leaky_relu,tanh,1.260091472,1.141889417,46.639227
3,772611730,leaky_relu,relu,1.312220776,1.171125996,49.182714
0,1177456398,relu,tanh,1.214885294,1.108029282,49.367341
1,1177456398,relu,relu,1.315961754,1.204128468,46.496142
2,1177456398,leaky_relu,tanh,1.260175908,1.140285599,45.552891
3,1177456398,leaky_relu,relu,1.316176891,1.191283941,47.699309
0,1017998982,relu,tanh,1.208379519,1.111893058,49.736217
1,1017998982,relu,relu,1.321816421,1.189226282,47.145864
2,1017998982,leaky_relu,tanh,5.113383496,2.772562194,42.35301
3,1017998982,leaky_relu,relu,2.65552175,2.491693664,46.895344
0,3137092669,relu,tanh,1.368513048,1.186873257,48.131426
1,3137092669,relu,relu,1.322408581,1.194316387,45.849363
2,3137092669,leaky_relu,tanh,1.276030028,1.161235583,46.674352
3,3137092669,leaky_relu,relu,5.609748566,3.068477666,44.553309
0,2615273847,relu,tanh,1.278029382,1.152446938,47.187041
1,2615273847,relu,relu,1.388187993,1.22117641,44.752884
2,2615273847,leaky_relu,tanh,1.269706392,1.093325651,47.477626
3,2615273847,leaky_relu,relu,1.329014206,1.230323017,46.279511
0,2838787999,relu,tanh,1.241855478,1.113766348,48.225646
1,2838787999,relu,relu,1.324860787,1.181432688,45.775968
2,2838787999,leaky_relu,tanh,1.283374321,1.172006798,44.817292
3,2838787999,leaky_relu,relu,1.437307382,1.374042463,95.448298
0,1682413477,relu,tanh,1.311708164,1.173931408,46.747178
1,1682413477,relu,relu,1.355088973,1.207155335,47.042131
2,1682413477,leaky_relu,tanh,1.287999344,1.120690227,44.894495
3,1682413477,leaky_relu,relu,1.326927686,1.202339542,47.778194
0,1745023970,relu,tanh,1.253341675,1.140077055,49.125449
1,1745023970,relu,relu,1.305544555,1.210735297,47.160576
2,1745023970,leaky_relu,tanh,1.269521213,1.171486616,47.818306
3,1745023970,leaky_relu,relu,2.802996898,1.732812476,44.765301
0,1108333237,relu,tanh,1.322728145,1.142542398,46.630662
1,1108333237,relu,relu,1.311440122,1.22683146,46.676867
2,1108333237,leaky_relu,tanh,1.303455818,1.219015551,49.840356
3,1108333237,leaky_relu,relu,2.934454489,2.042302608,47.427047
0,3794279429,relu,tanh,1.214642513,1.108673382,50.437211
1,3794279429,relu,relu,1.32269094,1.17679826,47.742145
2,3794279429,leaky_relu,tanh,1.268278503,1.19047637,50.853601
3,3794279429,leaky_relu,relu,2.043316269,1.858388877,47.96921
0,1133514144,relu,tanh,1.296447051,1.212462175,47.083854
1,1133514144,relu,relu,1.332939291,1.19851073,48.647408
2,1133514144,leaky_relu,tanh,1.207486022,1.098629498,48.708548
3,1133514144,leaky_relu,relu,2.79317193,1.694448411,45.030825
0,2987683558,relu,tanh,1.244499946,1.138628006,48.886503
1,2987683558,relu,relu,1.325456035,1.216902125,48.029456
2,2987683558,leaky_relu,tanh,1.252314448,1.152251899,46.308938
3,2987683558,leaky_relu,relu,1.269641542,1.155738735,46.965262
0,111664916,relu,tanh,1.284389114,1.180305779,47.810757
1,111664916,relu,relu,1.336245263,1.204497302,50.452901
2,111664916,leaky_relu,tanh,1.176416993,1.064618683,51.653354
3,111664916,leaky_relu,relu,1.293299413,1.197814715,54.516035
0,3480536570,relu,tanh,1.319173539,1.192645979,48.459054
1,3480536570,relu,relu,1.261525452,1.127982056,47.523058
2,3480536570,leaky_relu,tanh,1.24362129,1.097485924,46.754827
3,3480536570,leaky_relu,relu,2.937551725,2.36263504,44.448533
0,1244562093,relu,tanh,1.248054481,1.062764668,48.519004
1,1244562093,relu,relu,2.096647537,1.902958202,45.445647
2,1244562093,leaky_relu,tanh,1.265771329,1.139896548,45.925499
3,1244562093,leaky_relu,relu,1.311043191,1.207511497,44.521018
0,4015243749,relu,tanh,1.153593636,1.077257967,50.110901
1,4015243749,relu,relu,1.272371316,1.15477308,45.524644
2,4015243749,leaky_relu,tanh,1.213054419,1.072804999,54.379915
3,4015243749,leaky_relu,relu,1.291781366,1.186321342,47.844031
0,3413825306,relu,tanh,1.262247455,1.142899144,48.747778
1,3413825306,relu,relu,1.261688328,1.14073385,48.204785
2,3413825306,leaky_relu,tanh,1.266466522,1.094613087,47.196927
3,3413825306,leaky_relu,relu,1.747473919,1.616804647,49.610449
0,349629,relu,tanh,1.179301417,1.071119714,47.718128
1,349629,relu,relu,1.276100945,1.171264231,47.484684
2,349629,leaky_relu,tanh,1.270140076,1.177071822,46.335413
3,349629,leaky_relu,relu,1.30884248,1.193893027,46.309772
0,2228154857,relu,tanh,1.31792984,1.167538154,48.634842
1,2228154857,relu,relu,1.330084646,1.227186084,45.890752
2,2228154857,leaky_relu,tanh,1.282928288,1.158780634,46.780105
3,2228154857,leaky_relu,relu,1.276046336,1.181075454,46.938694
0,3694527085,relu,tanh,1.30786773,1.192869353,48.106156
1,3694527085,relu,relu,1.304119289,1.178635311,53.146125
2,3694527085,leaky_relu,tanh,1.268454754,1.14507606,46.580503
3,3694527085,leaky_relu,relu,2.696676803,1.875170243,51.298231
0,1714859017,relu,tanh,1.254395032,1.120482111,47.008261
1,1714859017,relu,relu,1.316875505,1.204614663,46.453822
2,1714859017,leaky_relu,tanh,1.187686288,1.082953465,50.340828
3,1714859017,leaky_relu,relu,1.280660582,1.191505706,45.887902
0,3026130878,relu,tanh,1.287123156,1.185051191,48.136069
1,3026130878,relu,relu,1.3536268,1.199139011,47.059516
2,3026130878,leaky_relu,tanh,1.228402495,1.127445948,50.332417
3,3026130878,leaky_relu,relu,2.367366481,1.802276301,45.823038
0,2782673124,relu,tanh,1.354368079,1.272027946,45.439187
1,2782673124,relu,relu,1.312578213,1.167026365,46.937436
2,2782673124,leaky_relu,tanh,2.488034463,1.756570697,52.73903
3,2782673124,leaky_relu,relu,1.328935587,1.246335864,48.908134
0,3048766629,relu,tanh,1.23801614,1.163715804,48.26302
1,3048766629,relu,relu,1.388579679,1.165698838,47.174205
2,3048766629,leaky_relu,tanh,1.254086077,1.148077548,47.708915
3,3048766629,leaky_relu,relu,1.312342298,1.215091276,49.953584
0,2893458429,relu,tanh,1.206782329,1.078602767,51.251621
1,2893458429,relu,relu,1.343582129,1.206803823,47.830526
2,2893458429,leaky_relu,tanh,1.265197945,1.19051007,51.300061
3,2893458429,leaky_relu,relu,1.275882328,1.190878832,48.896888
0,353269984,relu,tanh,1.308962035,1.179294562,45.227231
1,353269984,relu,relu,1.312529397,1.147356999,45.29338
2,353269984,leaky_relu,tanh,1.211730313,1.106632781,49.131699
3,353269984,leaky_relu,relu,3.064532328,1.575044119,46.664722
0,671307279,relu,tanh,1.254673398,1.149037051,46.411012
1,671307279,relu,relu,1.357634842,1.17054652,45.213759
2,671307279,leaky_relu,tanh,1.25607543,1.128495228,45.502801
3,671307279,leaky_relu,relu,1.372208452,1.291380966,48.301193
0,283568788,relu,tanh,1.301416671,1.20967133,47.90272
1,283568788,relu,relu,1.287768972,1.132789993,48.996992
2,283568788,leaky_relu,tanh,1.214516318,1.082757199,52.074201
3,283568788,leaky_relu,relu,3.697459841,2.234204137,46.054429
0,1796854099,relu,tanh,1.289721406,1.156014812,48.425289
1,1796854099,relu,relu,1.259959197,1.139367926,46.22474
2,1796854099,leaky_relu,tanh,1.230512583,1.137799752,49.665883
3,1796854099,leaky_relu,relu,1.27973721,1.138445354,46.306778
0,2564873944,relu,tanh,1.356010413,1.264760673,52.723843
1,2564873944,relu,relu,1.33808651,1.1951249,49.526271
2,2564873944,leaky_relu,tanh,1.258180761,1.154731131,46.47004
3,2564873944,leaky_relu,relu,1.295663953,1.168022943,47.514636
0,3604857969,relu,tanh,1.318747282,1.246533096,47.390983
1,3604857969,relu,relu,1.372141886,1.23575623,48.414051
2,3604857969,leaky_relu,tanh,1.261549997,1.151040423,45.799758
3,3604857969,leaky_relu,relu,4.758316875,3.156010365,43.714415
0,1101168778,relu,tanh,1.320014286,1.229685295,47.380487
1,1101168778,relu,relu,1.413562119,1.285598516,54.661556
2,1101168778,leaky_relu,tanh,1.242834413,1.152897573,49.893431
3,1101168778,leaky_relu,relu,1.333741093,1.163706315,45.672457
0,3197926004,relu,tanh,1.272100103,1.137515485,48.800594
1,3197926004,relu,relu,1.279825199,1.1509166,48.180325
2,3197926004,leaky_relu,tanh,1.134583783,1.04331665,49.534234
3,3197926004,leaky_relu,relu,1.334386826,1.202510011,47.343816
0,1025679361,relu,tanh,1.337551069,1.206419921,44.995731
1,1025679361,relu,relu,1.269466996,1.133449841,47.307106
2,1025679361,leaky_relu,tanh,1.269072866,1.170427537,46.246543
3,1025679361,leaky_relu,relu,3.267209888,1.713876843,45.83915
0,1453332711,relu,tanh,1.296383631,1.181596267,46.06987
1,1453332711,relu,relu,1.413198161,1.325153923,50.259411
2,1453332711,leaky_relu,tanh,1.260583174,1.126364863,51.180002
3,1453332711,leaky_relu,relu,7.458269119,3.675711656,48.539043
0,585230803,relu,tanh,1.254186344,1.143288338,51.767507
1,585230803,relu,relu,1.339586449,1.24215765,48.14212
2,585230803,leaky_relu,tanh,1.237992108,1.109666324,49.672619
3,585230803,leaky_relu,relu,2.670705307,1.668476593,56.515132
0,807309426,relu,tanh,1.32211206,1.251179969,49.113461
1,807309426,relu,relu,1.369323599,1.218328905,48.774884
2,807309426,leaky_relu,tanh,1.253724611,1.131315899,56.544931
3,807309426,leaky_relu,relu,1.306991947,1.201917517,47.022969
0,1244538448,relu,tanh,1.281627738,1.167947376,47.434036
1,1244538448,relu,relu,1.381638396,1.269275773,54.708196
2,1244538448,leaky_relu,tanh,1.231039703,1.0850196,50.545507
3,1244538448,leaky_relu,relu,1.301984298,1.159998524,50.532905
0,4226929468,relu,tanh,1.198481774,1.113383591,51.818911
1,4226929468,relu,relu,1.398791039,1.205696666,49.528938
2,4226929468,leaky_relu,tanh,1.216395652,1.092920148,52.301595
3,4226929468,leaky_relu,relu,1.286831105,1.14031564,49.320577
0,3687438345,relu,tanh,1.32726115,1.229469216,50.134554
1,3687438345,relu,relu,1.230565965,1.12102561,49.050282
2,3687438345,leaky_relu,tanh,1.243461013,1.13467865,52.732253
3,3687438345,leaky_relu,relu,2.812167096,2.088247013,50.88212
0,3273306374,relu,tanh,1.210587347,1.118188465,50.622804
1,3273306374,relu,relu,1.279040802,1.163633454,50.869126
2,3273306374,leaky_relu,tanh,1.252126217,1.155509448,48.18343
3,3273306374,leaky_relu,relu,1.256327283,1.178676939,54.679344
0,2305955938,relu,tanh,1.186759448,1.081828439,54.7286
1,2305955938,relu,relu,1.332937181,1.1746539,51.255641
2,2305955938,leaky_relu,tanh,1.282019138,1.155132222,48.19436
3,2305955938,leaky_relu,relu,1.319032729,1.172528911,52.621479
0,2276681809,relu,tanh,1.289016378,1.170051575,50.616067
1,2276681809,relu,relu,1.289005709,1.190265596,51.620399
2,2276681809,leaky_relu,tanh,1.205658972,1.048598588,52.58842
3,2276681809,leaky_relu,relu,1.282212412,1.19413873,48.381532
0,4146059794,relu,tanh,1.275945079,1.182847142,50.288661
1,4146059794,relu,relu,1.256799209,1.141530657,50.19919
2,4146059794,leaky_relu,tanh,3.780907011,2.161194658,44.384069
3,4146059794,leaky_relu,relu,2.282474482,2.090680051,46.085997
0,1654503713,relu,tanh,1.266384041,1.16845479,51.975091
1,1654503713,relu,relu,1.229113662,1.097416842,52.423467
2,1654503713,leaky_relu,tanh,1.259057736,1.155817449,48.102927
3,1654503713,leaky_relu,relu,3.847804689,2.462712955,44.692302
0,3970594347,relu,tanh,1.22419461,1.117283392,51.649988
1,3970594347,relu,relu,1.279219151,1.156588781,50.581747
2,3970594347,leaky_relu,tanh,1.231321156,1.145587742,49.17997
3,3970594347,leaky_relu,relu,2.551016223,2.022511065,50.926593
0,4216791286,relu,tanh,1.364809144,1.240037143,50.561356
1,4216791286,relu,relu,1.253070259,1.106538296,48.130239
2,4216791286,leaky_relu,tanh,1.245206892,1.124465179,51.136811
3,4216791286,leaky_relu,relu,1.30538727,1.178066742,53.699799
0,777219900,relu,tanh,1.287769675,1.167765999,51.502336
1,777219900,relu,relu,1.268276632,1.168005395,48.004485
2,777219900,leaky_relu,tanh,1.255017924,1.158187783,45.529336
3,777219900,leaky_relu,relu,1.332543039,1.207566416,49.036806
0,3639873340,relu,tanh,1.213170421,1.126801813,52.821174
1,3639873340,relu,relu,1.30918982,1.199156046,49.535102
2,3639873340,leaky_relu,tanh,1.283521581,1.163290298,44.665271
3,3639873340,leaky_relu,relu,1.287338173,1.138308537,47.412619
0,735075288,relu,tanh,1.239561808,1.079154372,51.267776
1,735075288,relu,relu,1.300616443,1.198827851,51.496533
2,735075288,leaky_relu,tanh,1.290990341,1.192820191,50.373248
3,735075288,leaky_relu,relu,1.301501465,1.157588255,49.274279
0,1264184676,relu,tanh,1.274710655,1.150086725,47.447769
1,1264184676,relu,relu,1.345640039,1.204831707,52.911399
2,1264184676,leaky_relu,tanh,1.236099339,1.09838295,47.879127
3,1264184676,leaky_relu,relu,4.173303938,2.575897503,45.505466
0,3991367445,relu,tanh,1.2543504,1.141639757,50.495967
1,3991367445,relu,relu,1.292388737,1.165955985,48.481082
2,3991367445,leaky_relu,tanh,1.136842227,1.050742996,52.540727
3,3991367445,leaky_relu,relu,1.314452219,1.182665062,48.224595
0,1484959450,relu,tanh,1.25643779,1.133162558,49.356847
1,1484959450,relu,relu,1.306063104,1.17071209,46.832361
2,1484959450,leaky_relu,tanh,1.304868221,1.167033815,44.996589
3,1484959450,leaky_relu,relu,3.641391516,2.540904069,45.813067
0,3943105047,relu,tanh,1.301787627,1.226660931,47.276554
1,3943105047,relu,relu,1.298228109,1.14505918,48.121902
2,3943105047,leaky_relu,tanh,1.224516463,1.13451997,47.870322
3,3943105047,leaky_relu,relu,1.302261794,1.175842142,49.593596
0,1030775745,relu,tanh,1.314438403,1.21744293,50.416392
1,1030775745,relu,relu,1.333984113,1.144877732,46.453534
2,1030775745,leaky_relu,tanh,1.204361665,1.093999398,51.868264
3,1030775745,leaky_relu,relu,1.315682149,1.201303697,46.812847
0,3583824459,relu,tanh,1.2034603,1.089406383,50.448306
1,3583824459,relu,relu,1.392732286,1.198571229,46.343799
2,3583824459,leaky_relu,tanh,1.303298676,1.203995132,45.245123
3,3583824459,leaky_relu,relu,1.339447081,1.219392931,50.696831
0,4026235575,relu,tanh,1.304670012,1.195594442,47.857003
1,4026235575,relu,relu,1.284954071,1.155445254,45.606532
2,4026235575,leaky_relu,tanh,1.281568134,1.153421366,46.370363
3,4026235575,leaky_relu,relu,1.300630271,1.184112823,45.528497
0,128952656,relu,tanh,1.282122421,1.183120811,48.419338
1,128952656,relu,relu,1.316626835,1.203266907,45.331085
2,128952656,leaky_relu,tanh,1.238867331,1.10246973,49.083963
3,128952656,leaky_relu,relu,1.333972144,1.222392142,45.65174
0,2281148886,relu,tanh,1.223803139,1.130781722,50.943464
1,2281148886,relu,relu,2.112934947,1.922354746,46.126075
2,2281148886,leaky_relu,tanh,1.232847989,1.138030183,50.492333
3,2281148886,leaky_relu,relu,1.96546787,1.780868912,45.188796
0,3998163014,relu,tanh,1.273641527,1.15628134,46.979148
1,3998163014,relu,relu,1.263863194,1.140017116,49.874893
2,3998163014,leaky_relu,tanh,1.257208323,1.157815814,45.824583
3,3998163014,leaky_relu,relu,1.288777816,1.169660449,46.711936
0,1995684500,relu,tanh,1.333499098,1.220217884,47.561639
1,1995684500,relu,relu,1.26012373,1.156688523,49.391923
2,1995684500,leaky_relu,tanh,1.264158845,1.156878674,46.798753
3,1995684500,leaky_relu,relu,1.278946412,1.201616538,45.116822
0,2746066464,relu,tanh,1.21357094,1.122113097,47.442677
1,2746066464,relu,relu,1.324273264,1.163087034,46.578272
2,2746066464,leaky_relu,tanh,1.256478143,1.155715871,47.769305
3,2746066464,leaky_relu,relu,2.621847916,2.02527802,45.961215
0,271559638,relu,tanh,1.273597062,1.11365236,50.810824
1,271559638,relu,relu,1.3171978,1.196801472,44.939642
2,271559638,leaky_relu,tanh,1.205620003,1.116839445,49.582387
3,271559638,leaky_relu,relu,1.287423587,1.14524014,45.895729
0,3061203869,relu,tanh,1.186368704,1.091979814,47.115525
1,3061203869,relu,relu,1.356685531,1.191125524,48.012265
2,3061203869,leaky_relu,tanh,1.227389765,1.095358241,46.877864
3,3061203869,leaky_relu,relu,1.277849603,1.179580092,46.017736
0,4089518252,relu,tanh,1.267359495,1.14420718,48.94347
1,4089518252,relu,relu,1.338098037,1.177959013,49.698956
2,4089518252,leaky_relu,tanh,1.318865955,1.285694587,50.214298
3,4089518252,leaky_relu,relu,2.872653675,1.613577437,45.591909
0,3677164490,relu,tanh,1.262049556,1.158181024,45.734017
1,3677164490,relu,relu,1.34588635,1.190248334,47.463376
2,3677164490,leaky_relu,tanh,1.244543421,1.115484619,46.739465
3,3677164490,leaky_relu,relu,1.265769601,1.15445751,47.753668
0,2704627502,relu,tanh,1.19103632,1.080423307,54.731762
1,2704627502,relu,relu,1.287296343,1.168823349,47.221246
2,2704627502,leaky_relu,tanh,1.176599085,1.011963832,46.622181
3,2704627502,leaky_relu,relu,4.32382977,2.855769181,46.48172
0,220235315,relu,tanh,1.328614545,1.192726696,47.823599
1,220235315,relu,relu,1.251712406,1.162174928,49.727709
2,220235315,leaky_relu,tanh,1.23575089,1.122018135,48.419254
3,220235315,leaky_relu,relu,1.328620863,1.145647311,47.120063
0,779064587,relu,tanh,1.204095364,1.11169523,47.442002
1,779064587,relu,relu,1.272355616,1.152578151,46.251962
2,779064587,leaky_relu,tanh,1.207613313,1.111800218,49.49732
3,779064587,leaky_relu,relu,1.294344556,1.142952335,48.285617
0,1765765747,relu,tanh,1.245097816,1.138907838,52.194262
1,1765765747,relu,relu,1.326530755,1.202059639,49.087338
2,1765765747,leaky_relu,tanh,1.250829101,1.153619671,48.461686
3,1765765747,leaky_relu,relu,1.278027678,1.146658027,48.751786
0,3871032682,relu,tanh,1.225091326,1.118629813,49.113245
1,3871032682,relu,relu,1.274584115,1.161673605,45.878363
2,3871032682,leaky_relu,tanh,1.29553014,1.141735291,48.354847
3,3871032682,leaky_relu,relu,1.289355242,1.181515288,47.896981
0,705610244,relu,tanh,1.307053959,1.161793005,45.372084
1,705610244,relu,relu,1.433087909,1.243058634,45.57216
2,705610244,leaky_relu,tanh,1.281538081,1.165503204,44.293646
3,705610244,leaky_relu,relu,1.297538161,1.213828528,45.972716
0,816447154,relu,tanh,1.222636759,1.126756811,47.722098
1,816447154,relu,relu,1.335409939,1.24070878,44.469398
2,816447154,leaky_relu,tanh,1.29949199,1.201270294,45.567036
3,816447154,leaky_relu,relu,1.352504492,1.228859544,46.941774
0,2982437439,relu,tanh,1.234219909,1.119815683,52.478449
1,2982437439,relu,relu,1.289440382,1.177199173,48.242325
2,2982437439,leaky_relu,tanh,1.346822894,1.26566968,48.884138
3,2982437439,leaky_relu,relu,1.269683766,1.177589715,47.299183
0,1592820732,relu,tanh,1.307542408,1.227038622,46.904973
1,1592820732,relu,relu,1.323410797,1.245743442,54.207748
2,1592820732,leaky_relu,tanh,1.248264194,1.131537902,52.25405
3,1592820732,leaky_relu,relu,1.31435678,1.226459301,52.625961
0,1854617280,relu,tanh,1.255335212,1.132011962,49.137805
1,1854617280,relu,relu,1.333143008,1.202888358,49.077631
2,1854617280,leaky_relu,tanh,1.168093646,1.042651927,48.226527
3,1854617280,leaky_relu,relu,4.372281301,2.222399521,48.628648
0,4292922678,relu,tanh,1.222987187,1.144603026,50.887542
1,4292922678,relu,relu,1.28692528,1.202700496,48.186486
2,4292922678,leaky_relu,tanh,1.295530105,1.186312151,46.533919
3,4292922678,leaky_relu,relu,1.280517161,1.191498518,48.567217
0,2614120605,relu,tanh,1.252497816,1.154394901,49.923342
1,2614120605,relu,relu,1.329000378,1.19966085,46.714971
2,2614120605,leaky_relu,tanh,1.252478731,1.145788252,46.710042
3,2614120605,leaky_relu,relu,1.295634651,1.161365247,48.691145
0,210564421,relu,tanh,1.264652979,1.15753479,47.970941
1,210564421,relu,relu,1.313932967,1.180730653,47.72781
2,210564421,leaky_relu,tanh,1.273724127,1.147271931,46.016271
3,210564421,leaky_relu,relu,3.743136227,2.167055714,42.45423
0,4060246167,relu,tanh,1.315692508,1.178221118,47.945975
1,4060246167,relu,relu,1.306044602,1.183776319,46.810164
2,4060246167,leaky_relu,tanh,1.243310905,1.130119383,48.77015
3,4060246167,leaky_relu,relu,4.797212529,2.196488822,43.749644
0,3003962486,relu,tanh,1.28046577,1.204344618,46.852684
1,3003962486,relu,relu,1.325445962,1.207869411,51.062108
2,3003962486,leaky_relu,tanh,1.231799936,1.132979083,47.659245
3,3003962486,leaky_relu,relu,1.305306363,1.188991082,49.360243
0,1226764178,relu,tanh,1.217979848,1.134658444,51.470846
1,1226764178,relu,relu,1.328344572,1.20417304,45.869306
2,1226764178,leaky_relu,tanh,1.212491441,1.125834048,46.404684
3,1226764178,leaky_relu,relu,1.288242543,1.16493026,48.535315
0,1378119084,relu,tanh,1.290693521,1.164845634,47.112258
1,1378119084,relu,relu,1.30914818,1.183073902,47.38613
2,1378119084,leaky_relu,tanh,1.243443274,1.130051982,46.941468
3,1378119084,leaky_relu,relu,2.333785677,2.211516809,47.547765
0,1107171278,relu,tanh,1.334808087,1.229835391,45.825824
1,1107171278,relu,relu,1.328611732,1.244947672,49.589654
2,1107171278,leaky_relu,tanh,1.214203072,1.126446211,48.579813
3,1107171278,leaky_relu,relu,1.364634824,1.233855474,50.685815
0,1081023226,relu,tanh,1.262875295,1.152970898,48.469796
1,1081023226,relu,relu,1.298515344,1.173641264,48.68236
2,1081023226,leaky_relu,tanh,1.274685967,1.121346354,46.333729
3,1081023226,leaky_relu,relu,2.799247837,1.828996539,46.812913
0,2084728384,relu,tanh,1.224525678,1.119236815,53.15997
1,2084728384,relu,relu,1.261332679,1.152246666,46.820127
2,2084728384,leaky_relu,tanh,1.246047926,1.157155335,50.177444
3,2084728384,leaky_relu,relu,1.293687379,1.159573734,48.839681
0,200421418,relu,tanh,1.223892081,1.109099936,55.37604
1,200421418,relu,relu,1.367486167,1.17622093,47.839053
2,200421418,leaky_relu,tanh,1.242659163,1.08249414,48.316087
3,200421418,leaky_relu,relu,2.871203041,1.64466269,49.660927
0,32995323,relu,tanh,1.323562849,1.224235153,49.433144
1,32995323,relu,relu,1.337170064,1.215199494,46.724569
2,32995323,leaky_relu,tanh,1.289111638,1.203990149,51.047514
3,32995323,leaky_relu,relu,1.333877373,1.258588684,44.27125
0,2742697269,relu,tanh,1.261531377,1.158713305,47.508115
1,2742697269,relu,relu,1.29653964,1.186780262,47.25178
2,2742697269,leaky_relu,tanh,1.25142864,1.143713617,45.166961
3,2742697269,leaky_relu,relu,1.263170588,1.159928238,48.01988
0,1950694810,relu,tanh,1.250113678,1.143808866,47.780692
1,1950694810,relu,relu,1.294340515,1.186795318,47.887194
2,1950694810,leaky_relu,tanh,1.254754519,1.160695362,45.817374
3,1950694810,leaky_relu,relu,1.264656663,1.154053509,47.184434
0,2182077558,relu,tanh,1.355968595,1.197440648,47.35306
1,2182077558,relu,relu,1.293538225,1.150350678,48.35134
2,2182077558,leaky_relu,tanh,1.274846566,1.129011762,47.489939
3,2182077558,leaky_relu,relu,1.302554286,1.192272162,48.296905
0,3675332938,relu,tanh,1.255674958,1.180732954,52.182492
1,3675332938,relu,relu,1.407573259,1.231156421,43.18195
2,3675332938,leaky_relu,tanh,1.284235001,1.185641515,46.993283
3,3675332938,leaky_relu,relu,2.005168939,1.934367537,47.497783
0,3534115762,relu,tanh,1.177450287,1.096130955,55.797229
1,3534115762,relu,relu,1.307344866,1.205369484,49.172813
2,3534115762,leaky_relu,tanh,1.267994761,1.157206869,47.057177
3,3534115762,leaky_relu,relu,1.30411185,1.166742551,46.713605
0,1351173136,relu,tanh,1.30953393,1.201348221,49.256954
1,1351173136,relu,relu,1.331048775,1.192957604,46.86085
2,1351173136,leaky_relu,tanh,1.274093854,1.188887632,47.131634
3,1351173136,leaky_relu,relu,1.335658848,1.187899494,46.56785
0,4268338851,relu,tanh,1.286647379,1.157293832,49.385404
1,4268338851,relu,relu,1.315129817,1.181012666,45.063857
2,4268338851,leaky_relu,tanh,1.224298787,1.104730701,48.485392
3,4268338851,leaky_relu,relu,2.629542303,1.853234601,46.268621
0,437032624,relu,tanh,1.213325989,1.107260001,48.590208
1,437032624,relu,relu,1.305772996,1.165041351,48.406987
2,437032624,leaky_relu,tanh,1.231140184,1.11454016,47.624943
3,437032624,leaky_relu,relu,2.908028603,1.865785825,45.992131
0,504669444,relu,tanh,1.229162586,1.11230669,48.878304
1,504669444,relu,relu,1.35959394,1.207403731,47.943403
2,504669444,leaky_relu,tanh,1.311541033,1.147154605,45.041359
3,504669444,leaky_relu,relu,2.829044962,1.85383358,47.684735
0,3725213871,relu,tanh,1.312940741,1.176295567,46.902874
1,3725213871,relu,relu,1.359954047,1.16012193,45.562959
2,3725213871,leaky_relu,tanh,1.299479997,1.193042731,48.948912
3,3725213871,leaky_relu,relu,2.725141776,2.085418618,47.171617
0,2864210590,relu,tanh,1.308466744,1.205604947,49.767548
1,2864210590,relu,relu,1.317784846,1.194751608,48.759059
2,2864210590,leaky_relu,tanh,1.292842317,1.197069693,45.661709
3,2864210590,leaky_relu,relu,1.319679618,1.217608285,47.233345
0,4119444074,relu,tanh,1.255694163,1.163181639,52.986902
1,4119444074,relu,relu,1.386682487,1.219844925,49.21038
2,4119444074,leaky_relu,tanh,1.23694551,1.157014763,49.066164
3,4119444074,leaky_relu,relu,5.433377004,3.288664532,42.66147
0,809182062,relu,tanh,1.3179232,1.178466916,47.811146
1,809182062,relu,relu,1.294365442,1.175073457,47.427267
2,809182062,leaky_relu,tanh,1.312935734,1.188200676,45.28824
3,809182062,leaky_relu,relu,1.335038519,1.177159846,46.489787
0,962283676,relu,tanh,1.225280416,1.078357649,52.97882
1,962283676,relu,relu,1.332739031,1.18739965,45.837544
2,962283676,leaky_relu,tanh,1.254502308,1.110588145,46.832068
3,962283676,leaky_relu,relu,2.531347966,1.979713368,47.952339
0,3566193814,relu,tanh,1.292202234,1.202608776,48.9436
1,3566193814,relu,relu,1.262159324,1.133420539,46.46601
2,3566193814,leaky_relu,tanh,1.303574753,1.210125673,49.001772
3,3566193814,leaky_relu,relu,1.28007555,1.171291244,50.626336
0,475981055,relu,tanh,1.177446008,1.107826841,49.827344
1,475981055,relu,relu,1.296555078,1.168656695,45.871149
2,475981055,leaky_relu,tanh,1.233486044,1.136251628,51.496853
3,475981055,leaky_relu,relu,2.652627695,1.587253284,43.273754
0,2353837578,relu,tanh,1.200168729,1.104979479,53.153556
1,2353837578,relu,relu,1.372169209,1.214778674,47.742972
2,2353837578,leaky_relu,tanh,1.306666434,1.183365142,45.53283
3,2353837578,leaky_relu,relu,2.912017822,1.648738515,47.44979
0,2468295024,relu,tanh,1.240581906,1.135753965,44.902751
1,2468295024,relu,relu,1.328480589,1.231335306,49.313056
2,2468295024,leaky_relu,tanh,1.258211386,1.186795712,46.09902
3,2468295024,leaky_relu,relu,5.836229587,3.09213593,41.482638
0,2812187661,relu,tanh,1.299662888,1.196790349,49.540484
1,2812187661,relu,relu,1.430923271,1.237058043,45.580636
2,2812187661,leaky_relu,tanh,1.266545928,1.160184932,48.744775
3,2812187661,leaky_relu,relu,2.720068133,1.887777746,47.214376
0,3390860406,relu,tanh,1.147517753,1.046864307,51.605143
1,3390860406,relu,relu,1.250844359,1.13091135,50.109226
2,3390860406,leaky_relu,tanh,1.239253688,1.122680867,49.904377
3,3390860406,leaky_relu,relu,1.3487468,1.260865331,48.949821
0,1768731161,relu,tanh,1.257566619,1.155427301,49.249668
1,1768731161,relu,relu,1.339753222,1.225327611,50.105978
2,1768731161,leaky_relu,tanh,1.238008916,1.111555815,47.585421
3,1768731161,leaky_relu,relu,1.23596946,1.11436789,48.979159
0,2178065915,relu,tanh,1.316702509,1.162689769,45.994944
1,2178065915,relu,relu,1.331882548,1.198477316,47.808638
2,2178065915,leaky_relu,tanh,1.214458406,1.117083395,48.946729
3,2178065915,leaky_relu,relu,2.472273946,1.843722343,47.990894
0,1340813133,relu,tanh,1.261484253,1.201509726,47.036159
1,1340813133,relu,relu,1.312016976,1.179870903,49.310139
2,1340813133,leaky_relu,tanh,1.242206848,1.173264349,49.070346
3,1340813133,leaky_relu,relu,2.466721225,1.813974476,51.620639
0,2911882133,relu,tanh,1.302361858,1.180374002,49.013559
1,2911882133,relu,relu,1.284648764,1.189981782,49.368254
2,2911882133,leaky_relu,tanh,1.30058552,1.181194115,44.729223
3,2911882133,leaky_relu,relu,2.31113683,1.947484136,47.199701
0,2362155944,relu,tanh,1.316401672,1.173505175,44.73045
1,2362155944,relu,relu,1.380339849,1.225691032,47.005552
2,2362155944,leaky_relu,tanh,1.239280486,1.12920053,47.959105
3,2362155944,leaky_relu,relu,8.443776345,3.440152097,41.556443
0,1906722607,relu,tanh,1.208626246,1.099483442,52.511936
1,1906722607,relu,relu,1.350044596,1.230601537,46.26469
2,1906722607,leaky_relu,tanh,1.225499439,1.104363894,49.991696
3,1906722607,leaky_relu,relu,1.322351575,1.162595832,45.75739
0,2902577092,relu,tanh,1.300660121,1.195213211,47.721268
1,2902577092,relu,relu,1.27882067,1.164546287,51.199127
2,2902577092,leaky_relu,tanh,1.260871542,1.167538261,46.162772
3,2902577092,leaky_relu,relu,4.559874153,3.595159864,43.921058
0,2822979798,relu,tanh,1.299904907,1.170607698,47.47854
1,2822979798,relu,relu,1.317240739,1.170890868,46.527142
2,2822979798,leaky_relu,tanh,2.593997049,1.727438021,46.704899
3,2822979798,leaky_relu,relu,1.304403722,1.174254048,52.098132
0,1253330082,relu,tanh,1.304348516,1.179740286,50.028498
1,1253330082,relu,relu,1.313233995,1.191903663,46.350508
2,1253330082,leaky_relu,tanh,1.217391682,1.125248361,53.54176
3,1253330082,leaky_relu,relu,1.331810129,1.17877773,44.802906
0,3576937460,relu,tanh,1.309147608,1.197539926,47.069973
1,3576937460,relu,relu,1.221434534,1.111896396,49.801095
2,3576937460,leaky_relu,tanh,1.311361265,1.186162305,45.309724
3,3576937460,leaky_relu,relu,1.319838762,1.218260229,47.306636
0,2858424528,relu,tanh,1.238038611,1.141304195,49.472493
1,2858424528,relu,relu,1.278714228,1.177947891,48.30111
2,2858424528,leaky_relu,tanh,1.227156723,1.123201215,49.043059
3,2858424528,leaky_relu,relu,1.335252631,1.187611926,47.76804
0,1283924746,relu,tanh,1.254102683,1.137945414,46.86102
1,1283924746,relu,relu,1.291317594,1.169629848,47.878713
2,1283924746,leaky_relu,tanh,1.231199443,1.156637299,49.407686
3,1283924746,leaky_relu,relu,1.301033044,1.171478581,47.484285
0,744761016,relu,tanh,1.277693725,1.115233314,51.046439
1,744761016,relu,relu,1.277905345,1.152618349,48.092394
2,744761016,leaky_relu,tanh,1.22778852,1.133690214,47.790139
3,744761016,leaky_relu,relu,1.322636604,1.18491745,49.2981
0,1301681995,relu,tanh,1.329146349,1.197964561,50.841239
1,1301681995,relu,relu,1.346424651,1.221629918,44.107099
2,1301681995,leaky_relu,tanh,1.273574209,1.161261988,45.006849
3,1301681995,leaky_relu,relu,1.335752892,1.208291006,52.594816
0,676953907,relu,tanh,1.256886804,1.155872643,48.48432
1,676953907,relu,relu,1.311769676,1.185110044,48.701294
2,676953907,leaky_relu,tanh,1.273033547,1.151587427,48.468484
3,676953907,leaky_relu,relu,2.470250487,2.161564004,44.790549
0,3799297750,relu,tanh,1.246690679,1.146997213,47.754963
1,3799297750,relu,relu,1.323285973,1.181313169,48.269541
2,3799297750,leaky_relu,tanh,1.267657363,1.165003753,49.105083
3,3799297750,leaky_relu,relu,2.460286856,1.812700701,47.363366
0,655719162,relu,tanh,1.259998083,1.153207541,47.258942
1,655719162,relu,relu,1.373225319,1.256962371,47.695185
2,655719162,leaky_relu,tanh,1.179141414,1.062505269,53.083745
3,655719162,leaky_relu,relu,1.254931223,1.118100083,46.909768
0,3917081186,relu,tanh,1.254712045,1.178075612,51.264246
1,3917081186,relu,relu,1.311290586,1.19582696,47.227803
2,3917081186,leaky_relu,tanh,1.258015323,1.090916765,51.74047
3,3917081186,leaky_relu,relu,1.252202249,1.147339034,72.082637
0,180922481,relu,tanh,1.308739519,1.161659515,67.497235
1,180922481,relu,relu,1.315922689,1.171728182,90.064166
2,180922481,leaky_relu,tanh,1.247783267,1.157176995,74.267298
